Pond,Crop ID,Hectares,Stocking Date,Stocking,SD(psm),Sampling Date,DOC,Week,ABW,Weekly Inc,AWG(g),AWG 1,AWG 2,AWG 3,FCR,TCF,Weekly TCF(kg),BM,BM 1,ABW 1,BM 2,ABW 2,BM 3,ABW 3,Survival,Survival  Rate,status,spanningYear,cycle
D14,F1D14C22025.23,1.5,18-02-2025,632061,42,22-05-2025,93,13.3,21.04,1.87,1.58,1.81,2.07,1.49,1.4,11136.0,1314.0,7979.1,8737.61,23.0,9496.09,25.0,10254.56,27.0,379236.6,60%,HARVESTED,2024-2025,2.0
D14,F1D14C12024.22,1.5,28-09-2024,630700,42,23-01-2025,117,16.7,23.95,1.19,1.43,2.71,0.77,1.19,1.48,17406.0,1544.0,11782.1,12766.0,25.9,13749.89,27.9,14733.79,29.9,491946.0,78%,HARVESTED,2024-2025,1.0
D14,F1D14C12025.24,1.4375,03-10-2025,786150,55,30-10-2025,27,3.9,3.37,0.81,0.87,2.25,0.1,0.29,0.59,1398.0,542.0,2384.4,3799.46,5.4,5214.53,7.4,6629.6,9.4,707535.0,90%,ACTIVE,2025-2026,1.0
D13,F1D13C22025.23,1.5,19-02-2025,630230,42,22-05-2025,92,13.1,20.86,2.15,1.59,1.71,2.59,1.55,1.42,11737.0,1337.0,8282.4,9076.45,22.9,9870.54,24.9,10664.63,26.9,397044.9,63%,HARVESTED,2024-2025,2.0
D13,F1D13C12024.22,1.5,28-09-2024,634200,42,23-01-2025,117,16.7,24.75,1.54,1.48,1.95,0.93,1.66,1.53,17069.0,1552.0,11144.5,12045.04,26.8,12945.61,28.8,13846.17,30.8,450282.0,71%,HARVESTED,2024-2025,1.0
D13,F1D13C12025.24,1.4375,03-10-2025,787083,55,30-10-2025,27,3.9,3.73,1.36,0.97,2.06,0.1,0.29,0.54,1398.0,542.0,2583.5,3968.79,5.7,5354.05,7.7,6739.32,9.7,692633.04,88%,ACTIVE,2025-2026,1.0
D12,F1D12C22025.23,1.5,19-02-2025,630266,42,22-05-2025,92,13.1,20.22,1.96,1.54,1.19,2.74,2.24,1.36,11972.0,1441.0,8793.4,9663.12,22.2,10532.88,24.2,11402.65,26.2,434883.54,69%,HARVESTED,2024-2025,2.0
D12,F1D12C12024.22,1.5,28-09-2024,632240,42,30-01-2025,124,17.7,25.68,1.33,1.45,1.29,1.48,1.08,1.49,17955.0,1065.0,12014.6,12950.3,27.7,13886.01,29.7,14821.73,31.7,467857.6,74%,HARVESTED,2024-2025,1.0
D12,F1D12C12025.24,1.4375,03-10-2025,790221,55,30-10-2025,27,3.9,3.44,0.87,0.89,2.26,0.1,0.29,0.58,1398.0,542.0,2419.3,3825.93,5.4,5232.53,7.4,6639.12,9.4,703296.69,89%,ACTIVE,2025-2026,1.0
D11,F1D11C22025.23,1.5,19-02-2025,630226,42,05-06-2025,106,15.1,23.54,1.34,1.55,1.87,1.63,1.75,1.52,15382.0,1518.0,10088.1,10945.26,25.5,11802.36,27.5,12659.47,29.5,428553.68,68%,HARVESTED,2024-2025,2.0
D11,F1D11C12024.22,1.5,28-09-2024,634480,42,30-01-2025,124,17.7,24.58,0.39,1.39,0.78,2.02,1.67,1.62,17988.0,1079.0,11072.8,11973.78,26.6,12874.74,28.6,13775.7,30.6,450480.8,71%,HARVESTED,2024-2025,1.0
D11,F1D11C12025.24,1.4375,03-10-2025,788322,55,30-10-2025,27,3.9,4.43,1.35,1.15,2.77,0.1,0.29,0.45,1398.0,542.0,3108.1,4511.33,6.4,5914.55,8.4,7317.76,10.4,701606.58,89%,ACTIVE,2025-2026,1.0
D10,F1D10C22025.24,1.5,19-02-2025,628606,42,08-05-2025,78,11.1,18.06,2.66,1.62,2.76,1.86,2.24,1.04,8888.0,1342.0,8514.5,9457.38,20.1,10400.29,22.1,11343.2,24.1,471454.5,75%,HARVESTED,2024-2025,2.0
D10,F1D10C32025.25,1.5,25-05-2025,807667,54,16-07-2025,52,7.4,11.44,1.83,1.54,1.94,1.75,1.92,1.21,4911.0,851.0,4065.5,4776.22,13.4,5486.96,15.4,6197.71,17.4,355373.48,44%,HARVESTED,2024-2025,3.0
D10,F1D10C12024.23,1.5,27-09-2024,635250,42,26-12-2024,90,12.9,20.52,2.93,1.60,1.33,2.12,1.32,1.24,10520.0,1330.0,8473.0,9298.78,22.5,10124.61,24.5,10950.43,26.5,412912.5,65%,HARVESTED,2024-2025,1.0
D10,F1D10C12025.26,1.4375,03-10-2025,790834,55,30-10-2025,27,3.9,3.42,1.41,0.89,1.7,0.1,0.29,0.58,1398.0,542.0,2407.1,3814.82,5.4,5222.51,7.4,6630.19,9.4,703842.26,89%,ACTIVE,2025-2026,1.0
D9,F1D09C22025.23,1.5,19-02-2025,628511,42,22-05-2025,92,13.1,20.84,2.69,1.59,2.36,2.0,1.82,1.41,11659.0,1402.0,8251.9,9043.77,22.8,9835.7,24.8,10627.62,26.8,395961.93,63%,HARVESTED,2024-2025,2.0
D9,F1D09C12024.22,1.5,26-09-2024,632985,42,30-01-2025,126,18.0,25.93,2.13,1.44,1.02,2.92,1.02,1.44,16568.0,1065.0,11489.3,12375.49,27.9,13261.67,29.9,14147.85,31.9,443089.5,70%,HARVESTED,2024-2025,1.0
D9,F1D09C12025.24,1.4375,03-10-2025,790834,55,30-10-2025,27,3.9,3.81,1.41,0.99,2.09,0.1,0.29,0.52,1400.0,542.0,2711.8,4135.27,5.8,5558.77,7.8,6982.27,9.8,711750.6,90%,ACTIVE,2025-2026,1.0
D8,F1D08C22025.24,1.5,19-02-2025,628621,42,21-05-2025,91,13.0,21.05,1.26,1.62,2.29,2.12,2.27,1.43,11691.0,1411.0,8204.1,8983.62,23.1,9763.11,25.1,10542.6,27.1,389745.02,62%,HARVESTED,2024-2025,2.0
D8,F1D08C12024.23,1.5,26-09-2024,635450,42,01-01-2025,97,13.9,21.36,2.76,1.54,1.97,1.85,1.96,1.25,12525.0,1458.0,10044.2,10984.65,23.4,11925.11,25.4,12865.58,27.4,470233.0,74%,HARVESTED,2024-2025,1.0
D8,F1D08C12025.25,1.4375,02-10-2025,789040,55,29-10-2025,27,3.9,4.43,1.8,1.15,2.32,0.06,0.35,0.48,1489.0,555.0,3110.9,4515.44,6.4,5919.93,8.4,7324.42,10.4,702245.6,89%,ACTIVE,2025-2026,1.0
D7,F1D07C22025.24,1.5,20-02-2025,630720,42,21-05-2025,90,12.9,21.08,1.64,1.64,2.26,2.18,2.6,1.39,11610.0,1339.0,8376.2,9170.92,23.1,9965.62,25.1,10760.33,27.1,397353.6,63%,HARVESTED,2024-2025,2.0
D7,F1D07C12024.23,1.5,26-09-2024,630120,42,29-01-2025,125,17.9,24.09,1.82,1.35,2.37,0.99,0.93,1.53,18404.0,1160.0,11991.9,12987.47,26.1,13983.06,28.1,14978.65,30.1,497794.8,79%,HARVESTED,2024-2025,1.0
D7,F1D07C12025.25,1.4375,02-10-2025,790638,55,29-10-2025,27,3.9,5.07,2.23,1.31,2.53,0.06,0.35,0.42,1489.0,555.0,3567.6,4974.94,7.1,6382.27,9.1,7789.61,11.1,703667.82,89%,ACTIVE,2025-2026,1.0
D6,F1D06C22025.24,1.5,20-02-2025,628330,42,21-05-2025,90,12.9,19.8,2.2,1.54,1.96,2.33,1.25,1.4,11829.0,1415.0,8459.8,9314.37,21.8,10168.9,23.8,11023.43,25.8,427264.4,68%,HARVESTED,2024-2025,2.0
D6,F1D06C12024.23,1.5,26-09-2024,630120,42,29-01-2025,125,17.9,23.17,0.64,1.30,1.02,2.4,1.01,1.68,18448.0,1075.0,10949.9,11895.09,25.2,12840.27,27.2,13785.45,29.2,472590.0,75%,HARVESTED,2024-2025,1.0
D6,F1D06C12025.24,1.4375,02-10-2025,789645,55,29-10-2025,27,3.9,4.75,1.67,1.23,2.77,0.06,0.35,0.45,1489.0,555.0,3300.7,4690.5,6.8,6080.27,8.8,7470.05,10.8,694887.6,88%,ACTIVE,2025-2026,1.0
D5,F1D05C22025.23,1.5,20-02-2025,628330,42,21-05-2025,90,12.9,20.17,2.61,1.57,1.27,2.11,1.99,1.38,12053.0,1435.0,8744.7,9611.76,22.2,10478.85,24.2,11345.95,26.2,433547.7,69%,HARVESTED,2024-2025,2.0
D5,F1D05C12024.22,1.5,26-09-2024,630120,42,05-02-2025,132,18.9,26.01,0.04,1.38,2.39,2.29,1.24,1.59,19241.0,650.0,12128.2,13060.75,28.0,13993.33,30.0,14925.9,32.0,466288.8,74%,HARVESTED,2024-2025,1.0
D5,F1D05C12025.24,1.4375,02-10-2025,789040,55,29-10-2025,27,3.9,4.45,1.57,1.15,2.57,0.06,0.35,0.48,1489.0,555.0,3089.9,4478.59,6.5,5867.3,8.4,7256.01,10.4,694355.2,88%,ACTIVE,2025-2026,1.0
D4,F1D04C22025.23,1.5,20-02-2025,630295,42,21-05-2025,90,12.9,21.23,2.02,1.65,1.66,2.15,2.33,1.37,12129.0,1457.0,8831.6,9663.56,23.2,10495.55,25.2,11327.54,27.2,415994.7,66%,HARVESTED,2024-2025,2.0
D4,F1D04C12024.22,1.5,27-09-2024,634620,42,29-01-2025,124,17.7,24.59,0.84,1.39,1.21,1.66,1.95,1.64,18739.0,1144.0,11391.9,12318.42,26.6,13244.96,28.6,14171.51,30.6,463272.6,73%,HARVESTED,2024-2025,1.0
D4,F1D04C12025.24,1.4375,02-10-2025,789480,55,29-10-2025,27,3.9,3.98,2.28,1.03,1.39,0.06,0.35,0.54,1489.0,555.0,2765.1,4154.55,6.0,5544.04,8.0,6933.52,10.0,694742.4,88%,ACTIVE,2025-2026,1.0
D3,F1D03C22025.23,1.5,20-02-2025,630295,42,02-07-2025,132,18.9,22.73,0.1,1.21,1.11,2.2,1.4,1.54,13670.0,1225.0,8882.5,9664.07,24.7,10445.63,26.7,11227.2,28.7,390782.9,62%,HARVESTED,2024-2025,2.0
D3,F1D03C12024.22,1.5,27-09-2024,634260,42,08-01-2025,103,14.7,21.22,1.71,1.44,0.83,2.56,1.55,1.47,14264.0,1594.0,9690.5,10603.81,23.2,11517.15,25.2,12430.48,27.2,456667.2,72%,HARVESTED,2024-2025,1.0
D3,F1D03C12025.24,1.4375,02-10-2025,789546,55,29-10-2025,27,3.9,3.92,1.52,1.02,2.09,0.06,0.35,0.54,1489.0,555.0,2754.6,4159.96,5.9,5565.35,7.9,6970.75,9.9,702695.94,89%,ACTIVE,2025-2026,1.0
D2,F1D02C22025.23,1.5,20-02-2025,628575,42,28-05-2025,97,13.9,23.23,1.9,1.68,2.3,1.88,2.18,1.43,12705.0,1412.0,8907.1,9673.96,25.2,10440.82,27.2,11207.68,29.2,383430.75,61%,HARVESTED,2024-2025,2.0
D2,F1D02C12024.22,1.5,27-09-2024,631240,42,25-12-2024,89,12.7,20.27,3.01,1.59,1.41,2.31,1.66,1.21,10992.0,1461.0,9084.6,9980.98,22.3,10877.34,24.3,11773.7,26.3,448180.4,71%,HARVESTED,2024-2025,1.0
D2,F1D02C12025.24,1.4375,02-10-2025,789165,55,29-10-2025,27,3.9,3.02,0.92,0.78,1.79,0.06,0.35,0.71,1489.0,555.0,2097.3,3486.21,5.0,4875.14,7.0,6264.07,9.0,694465.2,88%,ACTIVE,2025-2026,1.0
D1,F1D01C22025.23,1.5,19-02-2025,628511,42,28-05-2025,98,14.0,21.9,2.0,1.56,2.72,1.4,1.9,2.27,12821.0,1287.0,5643.4,6158.78,23.9,6674.16,25.9,7189.54,27.9,257689.51,41%,HARVESTED,2024-2025,2.0
D1,F1D01C12024.22,1.5,27-09-2024,634140,42,29-01-2025,124,17.7,25.92,0.69,1.46,2.62,1.62,0.58,1.59,18252.0,1045.0,11505.8,12393.64,27.9,13281.43,29.9,14169.23,31.9,443898.0,70%,HARVESTED,2024-2025,1.0
D1,F1D01C12025.24,1.4375,02-10-2025,789855,55,29-10-2025,27,3.9,3.18,0.89,0.82,1.98,0.06,0.35,0.67,1489.0,555.0,2235.4,3641.39,5.2,5047.33,7.2,6453.28,9.2,702970.95,89%,ACTIVE,2025-2026,1.0
C13,F1C13C22025.23,1.5,26-02-2025,630500,42,05-06-2025,99,14.1,23.8,1.91,1.68,1.35,1.79,1.81,1.32,13670.0,1435.0,10354.1,11224.16,25.8,12094.25,27.8,12964.34,29.8,435045.0,69%,HARVESTED,2024-2025,2.0
C13,F1C13C12024.22,1.5,29-09-2024,634160,42,06-02-2025,130,18.6,20.94,0.57,1.13,0.9,0.7,0.97,1.94,19047.0,1012.0,9826.7,10765.25,22.9,11703.8,24.9,12642.36,26.9,469278.4,74%,HARVESTED,2024-2025,1.0
C13,F1C13C12025.24,1.4375,03-10-2025,789048,55,30-10-2025,27,3.9,4.12,2.17,1.07,1.64,0.06,0.29,0.5,1476.0,535.0,2925.8,4346.08,6.1,5766.36,8.1,7186.65,10.1,710143.2,90%,ACTIVE,2025-2026,1.0
C12,F1C12C22025.23,1.5,24-02-2025,630499,42,05-06-2025,101,14.4,22.74,1.41,1.58,1.72,1.0,1.97,1.34,13592.0,1250.0,10179.7,11074.97,24.7,11970.28,26.7,12865.59,28.7,447654.29,71%,HARVESTED,2024-2025,2.0
C12,F1C12C12024.22,1.5,01-10-2024,494315,33,09-01-2025,100,14.3,20.21,0.36,1.41,2.92,2.51,1.81,1.48,11265.0,1050.0,7592.5,8343.84,22.2,9095.2,24.2,9846.56,26.2,375679.4,76%,HARVESTED,2024-2025,1.0
C12,F1C12C12025.24,1.4375,03-10-2025,788396,55,30-10-2025,27,3.9,3.41,1.33,0.88,1.77,0.06,0.35,0.65,1652.0,740.0,2527.1,4009.3,5.4,5491.49,7.4,6973.67,9.4,741092.24,94%,ACTIVE,2025-2026,1.0
C11,F1C11C22025.23,1.5,24-02-2025,630499,42,05-06-2025,101,14.4,23.57,1.7,1.63,1.87,2.0,1.96,1.34,13919.0,1375.0,10402.6,11285.3,25.6,12168.0,27.6,13050.7,29.6,441349.3,70%,HARVESTED,2024-2025,2.0
C11,F1C11C12024.22,1.5,01-10-2024,495975,33,09-01-2025,100,14.3,21.15,0.87,1.48,2.38,2.53,1.85,1.49,11600.0,1400.0,7762.5,8496.54,23.1,9230.59,25.1,9964.63,27.1,367021.5,74%,HARVESTED,2024-2025,1.0
C11,F1C11C12025.24,1.4375,03-10-2025,788896,55,30-10-2025,27,3.9,3.29,1.43,0.85,1.55,0.06,0.35,0.71,1652.0,740.0,2335.9,3755.93,5.3,5175.95,7.3,6595.96,9.3,710006.4,90%,ACTIVE,2025-2026,1.0
C10,F1C10C22025.24,1.5,24-02-2025,628992,42,05-06-2025,101,14.4,24.31,1.39,1.68,1.67,2.6,2.01,1.25,14169.0,1450.0,11315.2,12246.1,26.3,13177.01,28.3,14107.91,30.3,465454.08,74%,HARVESTED,2024-2025,2.0
C10,F1C10C12024.23,1.5,01-10-2024,496805,33,16-01-2025,107,15.3,22.47,2.35,1.47,1.74,1.51,2.33,1.58,12358.0,1475.0,7814.3,8509.78,24.5,9205.3,26.5,9900.83,28.5,347763.5,70%,HARVESTED,2024-2025,1.0
C10,F1C10C12025.25,1.4375,03-10-2025,789120,55,30-10-2025,27,3.9,3.57,1.87,0.93,1.39,0.06,0.29,0.64,1652.0,740.0,2591.8,4043.77,5.6,5495.75,7.6,6947.73,9.6,725990.4,92%,ACTIVE,2025-2026,1.0
C9,F1C09C22025.23,1.5,24-02-2025,629136,42,05-06-2025,101,14.4,26.09,1.22,1.81,1.85,2.76,2.22,1.19,13669.0,1200.0,11489.9,12370.7,28.1,13251.49,30.1,14132.28,32.1,440395.2,70%,HARVESTED,2024-2025,2.0
C9,F1C09C12024.22,1.5,01-10-2024,496805,33,16-01-2025,107,15.3,20.83,1.27,1.36,1.3,1.6,3.03,1.7,12317.0,1625.0,7243.9,7939.44,22.8,8634.96,24.8,9330.49,26.8,347763.5,70%,HARVESTED,2024-2025,1.0
C9,F1C09C12025.24,1.4375,03-10-2025,787587,55,30-10-2025,27,3.9,4.12,1.94,1.07,1.87,0.06,0.29,0.57,1652.0,740.0,2920.4,4338.03,6.1,5755.68,8.1,7173.34,10.1,708828.3,90%,ACTIVE,2025-2026,1.0
C5,F1C05C22025.23,1.5,28-02-2025,630027,42,11-06-2025,103,14.7,22.4,1.1,1.52,1.2,2.1,1.38,1.41,12971.0,375.0,9173.2,9992.23,24.4,10811.26,26.4,11630.3,28.4,409517.55,65%,HARVESTED,2024-2025,2.0
C5,F1C05C12024.22,1.5,30-09-2024,634100,42,22-01-2025,114,16.3,22.81,0.72,1.40,0.51,1.23,1.73,1.75,16160.0,1701.0,9256.9,10068.5,24.8,10880.15,26.8,11691.79,28.8,405824.0,64%,HARVESTED,2024-2025,1.0
C5,F1C05C12025.24,1.4375,02-10-2025,789490,55,29-10-2025,27,3.9,3.31,1.39,0.86,1.61,0.06,0.35,0.61,1444.0,512.0,2351.9,3772.97,5.3,5194.05,7.3,6615.14,9.3,710541.0,90%,ACTIVE,2025-2026,1.0
C4,F1C04C22025.23,1.5,22-02-2025,627990,42,04-06-2025,102,14.6,23.89,1.2,1.64,2.56,0.95,2.16,1.29,13500.0,1200.0,10501.9,11381.07,25.9,12260.25,27.9,13139.44,29.9,439593.0,70%,HARVESTED,2024-2025,2.0
C4,F1C04C12024.22,1.5,30-09-2024,630240,42,15-01-2025,107,15.3,20.43,0.51,1.34,2.05,2.09,1.9,1.42,14078.0,1425.0,9914.4,10884.94,22.4,11855.51,24.4,12826.08,26.4,485284.8,77%,HARVESTED,2024-2025,1.0
C4,F1C04C12025.24,1.4375,02-10-2025,790982,55,29-10-2025,27,3.9,3.52,1.26,0.91,1.95,0.06,0.35,0.67,1710.0,740.0,2533.7,3973.26,5.5,5412.84,7.5,6852.43,9.5,719793.62,91%,ACTIVE,2025-2026,1.0
C3,F1C03C22025.23,1.5,22-02-2025,628518,42,04-06-2025,102,14.6,25.54,1.74,1.75,2.74,1.02,2.95,1.57,12630.0,1225.0,8026.2,8654.69,27.5,9283.21,29.5,9911.72,31.5,314259.0,50%,HARVESTED,2024-2025,2.0
C3,F1C03C12024.22,1.5,30-09-2024,633210,42,15-01-2025,107,15.3,20.41,0.74,1.34,1.04,3.66,1.04,1.42,14353.0,1475.0,10080.6,11068.39,22.4,12056.2,24.4,13044.0,26.4,493903.8,78%,HARVESTED,2024-2025,1.0
C3,F1C03C12025.24,1.4375,02-10-2025,790029,55,29-10-2025,27,3.9,3.58,1.28,0.93,1.99,0.06,0.35,0.66,1710.0,740.0,2602.0,4055.69,5.6,5509.35,7.6,6963.0,9.6,726826.68,92%,ACTIVE,2025-2026,1.0
C2,F1C02C22025.23,1.5,22-02-2025,630365,42,11-06-2025,109,15.6,22.1,0.91,1.42,2.03,1.13,2.96,1.59,14625.0,475.0,9194.5,10026.58,24.1,10858.66,26.1,11690.75,28.1,416040.9,66%,HARVESTED,2024-2025,2.0
C2,F1C02C12024.22,1.5,30-09-2024,633060,42,15-01-2025,107,15.3,20.46,0.46,1.34,1.35,2.33,2.41,1.49,14287.0,1475.0,9584.8,10521.71,22.5,11458.64,24.5,12395.57,26.5,468464.4,74%,HARVESTED,2024-2025,1.0
C2,F1C02C12025.24,1.4375,02-10-2025,787652,55,29-10-2025,27,3.9,3.3,1.01,0.86,1.98,0.06,0.35,0.73,1710.0,740.0,2339.3,3757.1,5.3,5174.88,7.3,6592.65,9.3,708886.8,90%,ACTIVE,2025-2026,1.0
C1,F1C01C22025.23,1.5,22-02-2025,629880,42,04-06-2025,102,14.6,27.83,2.81,1.91,2.03,2.79,2.64,1.64,13250.0,1200.0,8063.6,8643.09,29.8,9222.58,31.8,9802.07,33.8,289744.8,46%,HARVESTED,2024-2025,2.0
C1,F1C01C12024.22,1.5,30-09-2024,632281,42,22-01-2025,114,16.3,20.93,1.07,1.29,0.21,1.9,1.32,1.61,15382.0,1475.0,9528.2,10438.7,22.9,11349.19,24.9,12259.67,26.9,455242.32,72%,HARVESTED,2024-2025,1.0
C1,F1C01C12025.24,1.4375,02-10-2025,789948,55,29-10-2025,27,3.9,3.13,1.45,0.81,1.37,0.06,0.35,0.75,1710.0,740.0,2274.7,3728.23,5.1,5181.74,7.1,6635.24,9.1,726752.16,92%,ACTIVE,2025-2026,1.0
G1,F1G01C22025.23,3.0,25-03-2025,1048477,35,25-06-2025,92,13.1,18.71,2.89,1.42,1.31,1.2,0.89,1.45,17575.0,2170.0,12162.5,13462.65,20.7,14762.76,22.7,16062.87,24.7,650055.74,62%,HARVESTED,2024-2025,2.0
G1,F1G01C12024.22,3.0,31-10-2024,906900,30,26-02-2025,118,16.9,26.2,1.52,1.55,1.51,2.94,1.46,2.23,21157.0,2510.0,9504.3,10229.83,28.2,10955.35,30.2,11680.87,32.2,362760.0,40%,HARVESTED,2024-2025,1.0
G1,F1G01C12025.24,3.0,15-10-2025,1049883,35,29-10-2025,14,2.0,0.31,0.06,0.15,0.29,0.0,0.0,2.55,797.0,330.0,312.4,2328.23,2.3,0.0,4.3,0.0,6.3,1007887.68,96%,ACTIVE,2025-2026,1.0
G16,F1G16C22025.23,3.0,26-03-2025,1050764,35,04-07-2025,100,14.3,19.82,1.21,1.39,0.92,0.63,1.87,1.36,15527.0,1404.0,11454.4,12610.22,21.8,13766.06,23.8,14921.9,25.8,577920.2,55%,HARVESTED,2024-2025,2.0
G16,F1G16C12024.22,3.0,02-11-2024,1005140,34,27-02-2025,117,16.7,21.83,1.58,1.31,1.5,2.28,1.72,2.53,24378.0,1643.0,9654.6,10539.09,23.8,11423.62,25.8,12308.14,27.8,442261.6,44%,HARVESTED,2024-2025,1.0
G16,F1G11C12025.24,3.0,16-10-2025,1048483,35,30-10-2025,14,2.0,0.31,0.06,0.15,0.29,0.0,0.0,2.38,734.0,309.0,308.8,2300.9,2.3,0.0,4.3,0.0,6.3,996058.85,95%,ACTIVE,2025-2026,1.0
G15,F1G15C22025.23,3.0,26-03-2025,900262,30,05-06-2025,71,10.1,18.21,2.72,1.80,2.72,2.8,2.31,0.61,5769.0,1361.0,9508.4,10552.69,20.2,11597.0,22.2,12641.3,24.2,522151.96,58%,HARVESTED,2024-2025,2.0
G15,F1G15C12024.22,3.0,02-11-2024,1006425,34,27-02-2025,117,16.7,22.77,1.85,1.36,2.23,2.3,1.34,2.57,21779.0,1510.0,8479.0,9223.78,24.8,9968.54,26.8,10713.29,28.8,372377.25,37%,HARVESTED,2024-2025,1.0
G15,F1G15C12025.24,3.0,16-10-2025,1050068,35,30-10-2025,14,2.0,0.31,0.06,0.15,0.29,0.0,0.0,2.35,734.0,309.0,312.5,2328.63,2.3,0.0,4.3,0.0,6.3,1008065.28,96%,ACTIVE,2025-2026,1.0
G14,F1G14C22025.23,3.0,04-04-2025,899848,30,10-07-2025,97,13.9,20.44,0.75,1.48,1.17,1.73,1.04,1.62,16355.0,1245.0,10116.1,11105.92,22.4,12095.76,24.4,13085.59,26.4,494916.4,55%,HARVESTED,2024-2025,2.0
G14,F1G14C12024.22,3.0,01-11-2024,903487,30,20-03-2025,139,19.9,30.99,0.99,1.56,1.45,2.13,1.92,1.66,22273.0,973.0,13439.5,14306.9,33.0,15174.25,35.0,16041.59,37.0,433673.76,48%,HARVESTED,2024-2025,1.0
G14,F1G14C12025.24,3.0,16-10-2025,1049888,35,30-10-2025,14,2.0,0.31,0.06,0.15,0.29,0.0,0.0,2.35,734.0,309.0,312.4,2328.23,2.3,0.0,4.3,0.0,6.3,1007892.48,96%,ACTIVE,2025-2026,1.0
G13,F1G13C22025.23,3.0,25-03-2025,900581,30,25-06-2025,92,13.1,19.24,3.46,1.46,0.87,2.09,0.57,1.21,13601.0,1332.0,11262.7,12433.43,21.2,13604.18,23.2,14774.94,25.2,585377.65,65%,HARVESTED,2024-2025,2.0
G13,F1G13C12024.22,3.0,01-11-2024,902745,30,06-03-2025,125,17.9,25.63,1.55,1.44,1.93,1.37,2.29,2.12,22101.0,1289.0,10411.8,11224.28,27.6,12036.75,29.6,12849.22,31.6,406235.25,45%,HARVESTED,2024-2025,1.0
G13,F1G13C12025.24,3.0,16-10-2025,1050054,35,30-10-2025,14,2.0,0.31,0.06,0.15,0.29,0.0,0.0,2.37,734.0,309.0,309.2,2304.34,2.3,0.0,4.3,0.0,6.3,997551.3,95%,ACTIVE,2025-2026,1.0
G12,F1G12C22025.23,3.0,04-04-2025,899950,30,12-06-2025,69,9.9,15.3,1.82,1.55,2.48,2.04,1.61,0.62,6776.0,1144.0,11015.4,12455.31,17.3,13895.23,19.3,15335.15,21.3,719960.0,80%,HARVESTED,2024-2025,2.0
G12,F1G12C12024.22,3.0,01-11-2024,906420,30,20-03-2025,139,19.9,29.06,0.47,1.46,1.68,1.76,1.7,2.3,23029.0,995.0,10009.4,10698.29,31.1,11387.17,33.1,12076.05,35.1,344439.6,38%,HARVESTED,2024-2025,1.0
G12,F1G12C12025.24,3.0,16-10-2025,1050056,35,30-10-2025,14,2.0,0.31,0.06,0.15,0.29,0.0,0.0,2.35,734.0,309.0,312.5,2328.61,2.3,0.0,4.3,0.0,6.3,1008053.76,96%,ACTIVE,2025-2026,1.0
G11,F1G11C22025.23,3.0,03-04-2025,899925,30,19-06-2025,77,11.0,18.35,2.5,1.67,1.68,0.96,2.05,0.62,7561.0,1379.0,12220.1,13551.97,20.4,14883.86,22.4,16215.75,24.4,665944.5,74%,HARVESTED,2024-2025,2.0
G11,F1G11C12024.22,3.0,01-11-2024,901773,30,13-03-2025,132,18.9,28.35,1.52,1.50,1.85,1.77,1.53,1.99,22434.0,1000.0,11248.7,12042.28,30.4,12835.84,32.4,13629.4,34.4,396780.12,44%,HARVESTED,2024-2025,1.0
G11,F1G11C12025.24,3.0,16-10-2025,1049719,35,30-10-2025,14,2.0,0.31,0.06,0.15,0.29,0.0,0.0,2.4,734.0,309.0,305.9,2279.36,2.3,0.0,4.3,0.0,6.3,986735.86,94%,ACTIVE,2025-2026,1.0
G10,F1G10C22025.24,3.0,03-04-2025,898255,30,12-06-2025,70,10.0,17.86,2.08,1.79,3.01,2.56,1.05,0.55,6403.0,1520.0,11711.3,13022.72,19.9,14334.17,21.9,15645.63,23.9,655726.15,73%,HARVESTED,2024-2025,2.0
G10,F1G10C12024.23,3.0,31-10-2024,901556,30,27-03-2025,147,21.0,29.13,0.29,1.39,1.33,1.96,1.82,2.45,22528.0,300.0,9191.8,9822.9,31.1,10453.99,33.1,11085.08,35.1,315544.6,35%,HARVESTED,2024-2025,1.0
G10,F1G10C12025.25,3.0,16-10-2025,1048286,35,30-10-2025,14,2.0,0.31,0.06,0.15,0.29,0.0,0.0,2.4,734.0,309.0,305.5,2276.25,2.3,0.0,4.3,0.0,6.3,985388.84,94%,ACTIVE,2025-2026,1.0
G9,F1G09C22025.23,3.0,03-04-2025,899294,30,26-06-2025,84,12.0,19.5,2.0,1.63,2.01,0.89,2.86,1.17,13300.0,1346.0,10521.7,11690.82,21.5,12859.9,23.5,14028.99,25.5,584541.1,60%,HARVESTED,2024-2025,2.0
G9,F1G09C12024.22,3.0,31-10-2024,900721,30,20-03-2025,140,20.0,30.63,1.74,1.53,0.57,2.16,1.96,2.12,20467.0,604.0,9656.2,10286.68,32.6,10917.19,34.6,11547.69,36.6,315252.35,35%,HARVESTED,2024-2025,1.0
G9,F1G09C12025.24,3.0,16-10-2025,1049886,35,30-10-2025,14,2.0,0.31,0.06,0.15,0.29,0.0,0.0,2.4,734.0,309.0,305.9,2279.73,2.3,0.0,4.3,0.0,6.3,986892.84,94%,ACTIVE,2025-2026,1.0
G8,F1G08C22025.24,3.0,09-03-2025,477000,16,28-05-2025,80,11.4,23.81,3.07,2.08,3.51,1.52,3.45,1.11,7568.0,1377.0,6814.4,7386.82,25.8,7959.22,27.8,8531.62,29.8,286200.0,60%,HARVESTED,2024-2025,2.0
G8,F1G08C12024.23,3.0,29-10-2024,871572,29,26-02-2025,120,17.1,23.37,2.13,1.36,1.79,1.85,1.41,2.61,20188.0,1222.0,7740.1,8402.47,25.4,9064.87,27.4,9727.26,29.4,331197.36,38%,HARVESTED,2024-2025,1.0
G8,F1G08C12025.25,3.0,15-10-2025,1050629,35,29-10-2025,14,2.0,0.31,0.06,0.15,0.29,0.0,0.0,2.58,797.0,330.0,309.4,2305.61,2.3,0.0,4.3,0.0,6.3,998097.55,95%,ACTIVE,2025-2026,1.0
G7,F1G07C22025.24,3.0,09-03-2025,475000,16,11-06-2025,94,13.4,24.16,0.13,1.80,2.21,2.54,1.91,2.28,9408.0,1015.0,4131.4,4473.36,26.2,4815.36,28.2,5157.36,30.2,171000.0,36%,HARVESTED,2024-2025,2.0
G7,F1G07C12024.23,3.0,30-10-2024,871638,29,26-02-2025,119,17.0,24.7,1.71,1.45,1.62,1.5,1.33,2.37,18873.0,1179.0,7965.9,8610.91,26.7,9255.92,28.7,9900.94,30.7,322506.06,37%,HARVESTED,2024-2025,1.0
G7,F1G07C12025.25,3.0,15-10-2025,1048996,35,29-10-2025,14,2.0,0.31,0.06,0.15,0.29,0.0,0.0,2.58,797.0,330.0,308.9,2302.02,2.3,0.0,4.3,0.0,6.3,996546.2,95%,ACTIVE,2025-2026,1.0
G6,F1G06C22025.24,3.0,24-03-2025,1047948,35,09-07-2025,107,15.3,19.23,1.15,1.26,0.86,2.64,0.37,1.73,19164.0,2054.0,11083.6,12236.36,21.2,13389.11,23.2,14541.85,25.2,576371.4,55%,HARVESTED,2024-2025,2.0
G6,F1G06C12024.23,3.0,30-10-2024,871686,29,26-02-2025,119,17.0,22.95,1.89,1.35,1.19,1.42,1.84,2.89,19097.0,1173.0,6601.7,7177.02,24.9,7752.34,26.9,8327.65,28.9,287656.38,33%,HARVESTED,2024-2025,1.0
G6,F1G06C12025.25,3.0,15-10-2025,1048662,35,29-10-2025,14,2.0,0.31,0.06,0.15,0.29,0.0,0.0,2.58,797.0,330.0,308.8,2301.29,2.3,0.0,4.3,0.0,6.3,996228.9,95%,ACTIVE,2025-2026,1.0
G5,F1G05C22025.23,3.0,24-03-2025,899442,30,03-07-2025,101,14.4,18.15,0.68,1.26,1.73,1.0,1.86,1.58,14159.0,1737.0,8978.7,9968.07,20.1,10957.45,22.1,11946.84,24.1,494693.1,55%,HARVESTED,2024-2025,2.0
G5,F1G05C12024.22,3.0,30-10-2024,870849,29,26-02-2025,119,17.0,24.81,2.28,1.46,2.53,1.31,1.91,2.37,19482.0,1176.0,8210.2,8872.04,26.8,9533.88,28.8,10195.73,30.8,330922.62,38%,HARVESTED,2024-2025,1.0
G5,F1G05C12025.24,3.0,15-10-2025,1048914,35,29-10-2025,14,2.0,0.31,0.06,0.15,0.29,0.0,0.0,2.58,797.0,330.0,308.9,2301.85,2.3,0.0,4.3,0.0,6.3,996468.3,95%,ACTIVE,2025-2026,1.0
G4,F1G04C22025.23,3.0,25-03-2025,1046908,35,25-06-2025,92,13.1,19.35,2.95,1.47,0.44,2.18,0.54,1.31,15980.0,1497.0,12154.6,13410.89,21.4,14667.18,23.4,15923.47,25.4,628144.8,60%,HARVESTED,2024-2025,2.0
G4,F1G04C12024.22,3.0,30-10-2024,900108,30,26-02-2025,119,17.0,20.37,1.67,1.20,1.21,1.76,1.27,3.01,20983.0,1267.0,6967.4,7651.46,22.4,8335.54,24.4,9019.63,26.4,342041.04,38%,HARVESTED,2024-2025,1.0
G4,F1G04C12025.24,3.0,15-10-2025,1048968,35,29-10-2025,14,2.0,0.31,0.06,0.15,0.29,0.0,0.0,2.61,797.0,330.0,305.7,2277.73,2.3,0.0,4.3,0.0,6.3,986029.92,94%,ACTIVE,2025-2026,1.0
G3,F1G03C22025.23,3.0,25-03-2025,897823,30,11-06-2025,78,11.1,16.94,1.45,1.52,1.78,2.35,2.43,0.99,8857.0,1120.0,8973.4,10032.81,18.9,11092.24,20.9,12151.67,22.9,529715.57,59%,HARVESTED,2024-2025,2.0
G3,F1G03C12024.22,3.0,30-10-2024,907115,30,26-02-2025,119,17.0,21.36,1.65,1.26,1.49,1.31,1.76,3.21,20524.0,1253.0,6394.1,6992.77,23.4,7591.46,25.4,8190.16,27.4,299347.95,33%,HARVESTED,2024-2025,1.0
G3,F1G03C12025.24,3.0,15-10-2025,1049664,35,29-10-2025,14,2.0,0.31,0.06,0.15,0.29,0.0,0.0,2.58,797.0,330.0,309.1,2303.49,2.3,0.0,4.3,0.0,6.3,997180.8,95%,ACTIVE,2025-2026,1.0
G2,F1G02C22025.23,3.0,03-04-2025,899566,30,11-06-2025,69,9.9,15.56,3.53,1.58,0.53,1.5,1.19,0.92,9008.0,1641.0,9798.1,11057.46,17.6,12316.85,19.6,13576.25,21.6,629696.2,70%,HARVESTED,2024-2025,2.0
G2,F1G02C12024.22,3.0,31-10-2024,901800,30,19-03-2025,139,19.9,26.98,0.7,1.36,1.01,0.98,1.8,2.32,22023.0,970.0,9488.9,10192.32,29.0,10895.73,31.0,11599.13,33.0,351702.0,39%,HARVESTED,2024-2025,1.0
G2,F1G02C12025.24,3.0,15-10-2025,1048225,35,29-10-2025,14,2.0,0.31,0.06,0.15,0.29,0.0,0.0,2.55,797.0,330.0,311.9,2324.54,2.3,0.0,4.3,0.0,6.3,1006296.0,96%,ACTIVE,2025-2026,1.0
C6,F1C06C22025.23,1.5,28-02-2025,629788,42,11-06-2025,103,14.7,23.8,1.18,1.62,0.97,1.51,1.43,1.43,14142.62,1159.0,9892.7,10724.03,25.8,11555.35,27.8,12386.67,29.8,415660.08,66%,HARVESTED,2024-2025,2.0
C6,F1C06C12024.23,1.5,29-09-2024,634100,42,12-02-2025,136,19.4,22.99,0.16,1.18,0.57,0.54,0.95,1.71,19184.0,927.0,11225.0,12201.54,25.0,13178.06,27.0,14154.57,29.0,488257.0,77%,HARVESTED,2024-2025,1.0
C6,F1C06C12025.24,1.4375,02-10-2025,789584,55,29-10-2025,27,3.9,3.75,1.43,0.97,2.01,0.06,0.35,0.54,1433.69,487.0,2664.8,4086.1,5.8,5507.35,7.8,6928.6,9.8,710625.6,90%,ACTIVE,2025-2026,1.0
C14,F1C14C22025.23,1.5,25-02-2025,629297,42,05-06-2025,100,14.3,23.97,1.13,1.68,2.29,2.63,2.38,1.12,12133.59,1119.1,10860.7,11766.85,26.0,12673.04,28.0,13579.22,30.0,453093.84,72%,HARVESTED,2024-2025,2.0
C14,F1C14C12024.22,1.5,29-09-2024,631620,42,06-02-2025,130,18.6,24.89,0.95,1.34,1.48,0.76,1.14,1.71,18531.0,991.0,10847.5,11719.15,26.9,12590.78,28.9,13462.42,30.9,435817.8,69%,HARVESTED,2024-2025,1.0
C14,F1C14C12025.24,1.4375,03-10-2025,789378,55,30-10-2025,27,3.9,4.19,1.93,1.09,1.95,0.06,0.29,0.48,1474.46,525.3,3042.9,4495.35,6.2,5947.8,8.2,7400.26,10.2,726227.76,92%,ACTIVE,2025-2026,1.0
C15,F1C15C22025.23,1.5,25-02-2025,627817,42,05-06-2025,100,14.3,26.41,1.63,1.85,2.77,2.34,1.42,1.12,13015.85,1092.6,11606.5,12485.39,28.4,13364.34,30.4,14243.28,32.4,439471.9,70%,HARVESTED,2024-2025,2.0
C15,F1C15C12024.22,1.5,30-09-2024,636300,42,13-02-2025,136,19.4,24.8,0.88,1.28,0.75,0.42,0.77,1.78,19327.0,946.0,10888.4,11766.46,26.8,12644.56,28.8,13522.65,30.8,439047.0,69%,HARVESTED,2024-2025,1.0
C15,F1C15C12025.24,1.4375,03-10-2025,788480,55,30-10-2025,27,3.9,3.29,1.08,0.85,1.9,0.06,0.29,0.63,1474.72,526.5,2334.7,3753.95,5.3,5173.22,7.3,6592.48,9.3,709632.0,90%,ACTIVE,2025-2026,1.0
C16,F1C16C22025.23,1.5,26-02-2025,629640,42,12-06-2025,106,15.1,23.56,1.05,1.56,0.99,2.47,2.47,1.34,13349.57,1030.2,9939.0,10782.71,25.6,11626.43,27.6,12470.14,29.6,421858.8,67%,HARVESTED,2024-2025,2.0
C16,F1C16C12024.22,1.5,30-09-2024,635800,42,13-02-2025,136,19.4,26.94,0.64,1.39,1.95,0.86,2.42,1.83,21904.05,2901.8,11989.9,12880.04,28.9,13770.16,30.9,14660.28,32.9,445060.0,70%,HARVESTED,2024-2025,1.0
C16,F1C16C12025.24,1.4375,03-10-2025,788480,55,30-10-2025,27,3.9,3.41,1.41,0.88,1.69,0.06,0.29,0.6,1470.01,522.2,2446.7,3881.76,5.4,5316.8,7.4,6751.83,9.4,717516.8,91%,ACTIVE,2025-2026,1.0
C8,F1C08C22025.24,1.5,27-02-2025,629170,42,11-06-2025,104,14.9,22.15,1.13,1.49,0.73,1.86,1.42,1.51,14079.45,1061.6,9337.2,10180.29,24.1,11023.38,26.1,11866.46,28.1,421543.9,67%,HARVESTED,2024-2025,2.0
C8,F1C08C12024.23,1.5,29-09-2024,634063,42,12-02-2025,136,19.4,28.05,0.98,1.44,1.86,2.0,1.32,1.76,21540.25,2788.8,12272.0,13146.98,30.1,14021.98,32.0,14896.99,34.0,437503.47,69%,HARVESTED,2024-2025,1.0
C8,F1C08C12025.25,1.4375,02-10-2025,790152,55,29-10-2025,27,3.9,3.7,1.25,0.96,2.14,0.06,0.35,0.54,1428.28,481.6,2660.4,4098.52,5.7,5536.59,7.7,6974.67,9.7,719038.32,91%,ACTIVE,2025-2026,1.0
C7,F1C07C22025.24,1.5,27-02-2025,628452,42,11-06-2025,104,14.9,24.0,1.71,1.62,1.66,2.01,1.33,1.29,12683.17,1160.9,9803.9,10620.84,26.0,11437.83,28.0,12254.81,30.0,408493.8,65%,HARVESTED,2024-2025,2.0
C7,F1C07C12024.23,1.5,29-09-2024,633250,42,12-02-2025,136,19.4,21.69,0.87,1.12,1.54,0.33,0.25,2.25,22207.14,2922.2,9889.3,10801.22,23.7,11713.1,25.7,12624.98,27.7,455940.0,72%,HARVESTED,2024-2025,1.0
C7,F1C07C12025.25,1.4375,02-10-2025,789234,55,29-10-2025,27,3.9,3.85,1.35,1.00,2.19,0.06,0.35,0.52,1425.49,476.7,2734.7,4155.32,5.8,5575.94,7.8,6996.56,9.8,710310.6,90%,ACTIVE,2025-2026,1.0
D16,F1D16C22025.23,1.5,18-02-2025,629289,42,29-05-2025,100,14.3,21.18,1.34,1.48,1.25,2.33,1.73,1.57,12798.0,1382.0,8130.3,8898.02,23.2,9665.76,25.2,10433.49,27.2,383866.29,61%,HARVESTED,2024-2025,2.0
D16,F1D16C12024.22,1.5,28-09-2024,632700,42,26-12-2024,89,12.7,20.11,2.47,1.58,2.55,1.46,1.68,1.2,10714.0,1336.0,8906.5,9792.3,22.1,10678.08,24.1,11563.86,26.1,442890.0,70%,HARVESTED,2024-2025,1.0
D16,F1D16C12025.24,1.4375,03-10-2025,790296,55,30-10-2025,27,3.9,3.07,0.97,0.80,1.79,0.1,0.29,0.65,1398.0,542.0,2135.1,3525.98,5.1,4916.9,7.1,6307.82,9.1,695460.48,88%,ACTIVE,2025-2026,1.0
E1,F1E01C22025.23,1.5,17-02-2025,632570,42,04-06-2025,107,15.3,24.05,2.05,1.57,1.29,2.4,1.65,1.51,15121.0,1260.0,10040.8,10875.77,26.1,11710.76,28.1,12545.76,30.1,417496.2,66%,HARVESTED,2024-2025,2.0
E1,F1E01C12024.22,1.5,23-09-2024,632700,42,08-01-2025,107,15.3,21.98,2.21,1.44,2.87,1.31,1.2,1.26,12795.0,1318.0,10151.9,11075.66,24.0,11999.4,26.0,12923.15,28.0,461871.0,73%,HARVESTED,2024-2025,1.0
E1,F1E01C12025.24,1.4375,21-09-2025,787575,55,29-10-2025,38,5.4,7.99,1.99,1.47,2.79,2.47,0.46,0.45,2401.0,596.0,5348.8,6687.7,10.0,8026.57,12.0,9365.45,14.0,669438.75,85%,ACTIVE,2025-2026,1.0
E2,F1E02C22025.23,1.5,17-02-2025,634850,42,28-05-2025,100,14.3,21.19,2.09,1.48,1.36,2.06,2.35,1.49,14385.0,1556.0,9685.8,10599.96,23.2,11514.15,25.2,12428.33,27.2,457092.0,72%,HARVESTED,2024-2025,2.0
E2,F1E02C12024.22,1.5,23-09-2024,632700,42,08-01-2025,107,15.3,20.48,0.48,1.34,3.52,1.32,0.85,1.44,14359.0,1482.0,9977.4,10951.79,22.5,11926.15,24.5,12900.5,26.5,487179.0,77%,HARVESTED,2024-2025,1.0
E2,F1E02C12025.24,1.4375,21-09-2025,789981,55,29-10-2025,38,5.4,8.15,1.97,1.50,3.2,2.24,0.46,0.45,2388.0,583.0,5343.8,6655.2,10.2,7966.57,12.2,9277.94,14.2,655684.23,83%,ACTIVE,2025-2026,1.0
E3,F1E03C22025.23,1.5,16-02-2025,635660,42,21-05-2025,94,13.4,18.36,1.24,1.37,1.83,2.72,1.43,1.48,12988.0,1475.0,8753.0,9706.53,20.4,10660.02,22.4,11613.51,24.4,476745.0,75%,HARVESTED,2024-2025,2.0
E3,F1E03C12024.22,1.5,22-09-2024,634700,42,01-01-2025,101,14.4,20.08,1.26,1.39,1.69,2.0,1.49,1.36,12665.0,1322.0,9303.7,10230.35,22.1,11157.01,24.1,12083.68,26.1,463331.0,73%,HARVESTED,2024-2025,1.0
E3,F1E03C12025.24,1.4375,21-09-2025,770652,54,29-10-2025,38,5.4,7.66,1.58,1.41,3.16,2.18,0.46,0.49,2405.0,600.0,4899.6,6178.93,9.7,7458.21,11.7,8737.5,13.7,639641.16,83%,ACTIVE,2025-2026,1.0
E4,F1E04C22025.23,1.5,16-02-2025,635660,42,28-05-2025,101,14.4,19.04,0.33,1.32,1.28,2.12,2.22,1.61,14655.0,1557.0,9077.2,10030.71,21.0,10984.2,23.0,11937.69,25.0,476745.0,75%,HARVESTED,2024-2025,2.0
E4,F1E04C12024.22,1.5,22-09-2024,637700,43,01-01-2025,101,14.4,20.73,1.86,1.44,4.0,0.07,1.45,1.26,12686.0,1250.0,10046.8,11016.14,22.7,11985.45,24.7,12954.75,26.7,484652.0,76%,HARVESTED,2024-2025,1.0
E4,F1E04C12025.24,1.4375,21-09-2025,770232,54,29-10-2025,38,5.4,7.83,1.5,1.44,3.52,2.07,0.46,0.49,2451.0,625.0,5005.7,6284.25,9.8,7562.83,11.8,8841.42,13.8,639292.56,83%,ACTIVE,2025-2026,1.0
E5,F1E05C22025.23,1.5,16-02-2025,633600,42,14-05-2025,87,12.4,17.98,2.37,1.45,1.11,3.31,1.77,1.41,11417.0,1584.0,8088.4,8988.12,20.0,9887.83,22.0,10787.55,24.0,449856.0,71%,HARVESTED,2024-2025,2.0
E5,F1E05C12024.22,1.5,22-09-2024,637700,43,01-01-2025,101,14.4,20.6,2.53,1.43,0.56,1.81,2.08,1.25,12677.0,1111.0,10115.2,11097.26,22.6,12079.32,24.6,13061.37,26.6,491029.0,77%,HARVESTED,2024-2025,1.0
E5,F1E05C12025.24,1.4375,21-09-2025,769993,54,29-10-2025,38,5.4,6.77,2.34,1.25,1.43,2.26,0.46,0.57,2535.0,703.0,4483.1,5807.44,8.8,7131.83,10.8,8456.21,12.8,662193.98,86%,ACTIVE,2025-2026,1.0
E6,F1E06C22025.23,1.5,16-02-2025,632281,42,21-05-2025,94,13.4,21.61,1.99,1.61,2.28,2.66,1.74,1.43,12508.0,1488.0,8744.7,9554.02,23.6,10363.34,25.6,11172.66,27.6,404659.84,64%,HARVESTED,2024-2025,2.0
E6,F1E06C12024.23,1.5,22-09-2024,631020,42,18-12-2024,87,12.4,20.49,3.01,1.65,1.86,2.29,2.73,0.97,9982.0,1336.0,10343.7,11353.31,22.5,12362.94,24.5,13372.58,26.5,504816.0,80%,HARVESTED,2024-2025,1.0
E6,F1E06C12025.24,1.4375,21-09-2025,768612,53,29-10-2025,38,5.4,6.95,2.55,1.28,1.39,2.27,0.46,0.55,2526.0,704.0,4594.0,5916.0,8.9,7238.02,10.9,8560.03,12.9,661006.32,86%,ACTIVE,2025-2026,1.0
E7,F1E07C22025.23,1.5,16-02-2025,632000,42,11-06-2025,115,16.4,23.85,0.6,1.45,1.62,1.53,2.56,9.36,15518.0,370.0,1658.0,1797.09,25.9,1936.13,27.9,2075.17,29.9,69520.0,11%,HARVESTED,2024-2025,2.0
E7,F1E07C12024.23,1.5,22-09-2024,634800,42,25-12-2024,94,13.4,20.65,2.26,1.54,1.73,2.25,1.85,1.27,11678.0,1299.0,9176.0,10064.75,22.6,10953.47,24.6,11842.19,26.6,444360.0,70%,HARVESTED,2024-2025,1.0
E7,F1E07C12025.24,1.4375,21-09-2025,768515,53,29-10-2025,38,5.4,8.26,2.62,1.52,2.46,2.44,0.46,0.43,2346.0,607.0,5395.7,6702.22,10.3,8008.69,12.3,9315.17,14.3,653237.75,85%,ACTIVE,2025-2026,1.0
E8,F1E08C22025.23,1.5,16-02-2025,632000,42,21-05-2025,94,13.4,20.18,1.53,1.50,2.39,2.31,1.79,1.44,12860.0,1519.0,8927.6,9812.43,22.2,10697.23,24.2,11582.03,26.2,442400.0,70%,HARVESTED,2024-2025,2.0
E8,F1E08C12024.23,1.5,22-09-2024,634800,42,25-12-2024,94,13.4,19.03,1.55,1.42,2.96,1.72,1.1,1.32,11668.0,1284.0,8818.6,9745.39,21.0,10672.2,23.0,11599.0,25.0,463404.0,73%,HARVESTED,2024-2025,1.0
E8,F1E08C12025.24,1.4375,21-09-2025,768320,53,29-10-2025,38,5.4,6.77,1.0,1.25,2.62,2.41,0.46,0.58,2556.0,714.0,4369.3,5660.06,8.8,6950.84,10.8,8241.61,12.8,645388.8,84%,ACTIVE,2025-2026,1.0
E9,F1E09C22025.23,1.5,17-02-2025,632570,42,22-05-2025,94,13.4,20.94,2.56,1.56,1.84,2.19,2.17,1.36,12816.0,1531.0,9404.7,10302.92,22.9,11201.17,24.9,12099.42,26.9,449124.7,71%,HARVESTED,2024-2025,2.0
E9,F1E09C12024.22,1.5,24-09-2024,633600,42,16-01-2025,114,16.3,21.59,1.02,1.33,1.44,1.57,2.0,1.53,16283.0,1586.0,10670.0,11658.37,23.6,12646.78,25.6,13635.2,27.6,494208.0,78%,HARVESTED,2024-2025,1.0
E9,F1E09C12025.24,1.4375,21-09-2025,699036,49,30-10-2025,39,5.6,8.64,1.73,1.55,3.28,2.75,0.59,0.43,2271.0,599.0,5254.5,6470.83,10.6,7687.16,12.6,8903.48,14.6,608161.32,87%,ACTIVE,2025-2026,1.0
E10,F1E10C22025.23,1.5,17-02-2025,630828,42,29-05-2025,101,14.4,21.3,1.3,1.48,1.61,2.15,2.12,1.51,14586.0,1551.0,9674.4,10582.77,23.3,11491.16,25.3,12399.56,27.3,454196.16,72%,HARVESTED,2024-2025,2.0
E10,F1E10C12024.23,1.5,24-09-2024,633600,42,16-01-2025,114,16.3,22.86,3.25,1.40,0.31,2.11,1.98,1.43,16313.0,1556.0,11442.4,12443.53,24.9,13444.62,26.9,14445.7,28.9,500544.0,79%,HARVESTED,2024-2025,1.0
E10,F1E10C12025.24,1.4375,21-09-2025,701040,49,30-10-2025,39,5.6,8.47,1.02,1.52,2.82,3.75,0.59,0.47,2323.0,646.0,4987.8,6165.51,10.5,7343.25,12.5,8521.0,14.5,588873.6,84%,ACTIVE,2025-2026,1.0
E11,F1E11C22025.23,1.5,17-02-2025,630828,42,29-05-2025,101,14.4,20.62,1.05,1.43,2.21,1.7,1.97,1.54,14607.0,1551.0,9495.6,10416.61,22.6,11337.62,24.6,12258.63,26.6,460504.44,73%,HARVESTED,2024-2025,2.0
E11,F1E11C12024.22,1.5,24-09-2024,635400,42,09-01-2025,107,15.3,21.63,1.08,1.42,2.16,1.35,2.53,1.35,14456.0,1544.0,10720.1,11711.31,23.6,12702.54,25.6,13693.76,27.6,495612.0,78%,HARVESTED,2024-2025,1.0
E11,F1E11C12025.24,1.4375,21-09-2025,750146,52,30-10-2025,39,5.6,8.39,1.9,1.51,1.1,4.51,0.59,0.48,2524.0,693.0,5286.7,6546.98,10.4,7807.22,12.4,9067.47,14.4,630122.64,84%,ACTIVE,2025-2026,1.0
E12,F1E12C22025.23,1.5,17-02-2025,632008,42,08-05-2025,80,11.4,18.18,2.53,1.59,2.01,2.55,2.07,1.07,9223.0,1339.0,8617.4,9565.44,20.2,10513.45,22.2,11461.47,24.2,474006.0,75%,HARVESTED,2024-2025,2.0
E12,F1E12C12024.22,1.5,25-09-2024,633250,42,16-01-2025,113,16.1,23.02,1.6,1.43,1.76,0.97,1.83,1.38,15463.0,1230.0,11224.6,12199.82,25.0,13175.02,27.0,14150.23,29.0,487602.5,77%,HARVESTED,2024-2025,1.0
E12,F1E12C12025.24,1.4375,21-09-2025,748833,52,30-10-2025,39,5.6,8.53,1.61,1.53,3.18,2.86,0.59,0.45,2411.0,580.0,5301.7,6544.72,10.5,7787.79,12.5,9030.85,14.5,621531.39,83%,ACTIVE,2025-2026,1.0
E13,F1E13C22025.23,1.5,18-02-2025,630270,42,05-06-2025,107,15.3,23.5,0.73,1.54,1.95,1.89,1.75,1.57,15075.0,1495.0,9627.4,10446.72,25.5,11266.07,27.5,12085.42,29.5,409675.5,65%,HARVESTED,2024-2025,2.0
E13,F1E13C12024.22,1.5,25-09-2024,630625,42,09-01-2025,106,15.1,22.25,1.85,1.47,2.5,1.51,1.41,2.4,14120.0,1229.0,5893.2,6422.91,24.3,6952.64,26.3,7482.36,28.3,264862.5,42%,HARVESTED,2024-2025,1.0
E13,F1E13C12025.24,1.4375,22-09-2025,700040,49,30-10-2025,38,5.4,9.82,2.11,1.81,3.04,3.93,0.46,0.38,2248.0,561.0,5912.0,7116.05,11.8,8320.12,13.8,9524.19,15.8,602034.4,86%,ACTIVE,2025-2026,1.0
E14,F1E14C22025.23,1.5,18-02-2025,630270,42,29-05-2025,100,14.3,21.98,1.48,1.54,1.8,1.63,2.49,1.55,12898.0,1431.0,8312.0,9068.32,24.0,9824.65,26.0,10580.97,28.0,378162.0,60%,HARVESTED,2024-2025,2.0
E14,F1E14C12024.22,1.5,25-09-2024,637000,42,02-01-2025,99,14.1,21.46,2.82,1.52,1.07,2.62,2.33,1.26,13277.0,1463.0,10525.9,11506.9,23.5,12487.88,25.5,13468.86,27.5,490490.0,77%,HARVESTED,2024-2025,1.0
E14,F1E14C12025.24,1.4375,22-09-2025,698720,49,30-10-2025,38,5.4,8.59,0.89,1.58,3.11,3.85,0.46,0.43,2243.0,567.0,5161.7,6363.52,10.6,7565.32,12.6,8767.12,14.6,600899.2,86%,ACTIVE,2025-2026,1.0
E15,F1E15C22025.23,1.5,18-02-2025,630882,42,29-05-2025,100,14.3,22.42,2.09,1.57,1.97,1.34,2.06,1.55,13572.0,1481.0,8769.5,9551.8,24.4,10334.1,26.4,11116.39,28.4,391146.84,62%,HARVESTED,2024-2025,2.0
E15,F1E15C12024.22,1.5,26-09-2024,632180,42,19-12-2024,84,12.0,19.28,2.16,1.61,2.76,1.8,2.27,0.96,9865.0,1372.0,10238.3,11300.34,21.3,12362.4,23.3,13424.47,25.3,531031.2,84%,HARVESTED,2024-2025,1.0
E15,F1E15C12025.24,1.4375,22-09-2025,699448,49,30-10-2025,38,5.4,9.27,2.21,1.71,2.85,3.47,0.46,0.4,2239.0,560.0,5641.0,6858.02,11.3,8075.06,13.3,9292.1,15.3,608519.76,87%,ACTIVE,2025-2026,1.0
E16,F1E16C22025.23,1.5,18-02-2025,630882,42,29-05-2025,100,14.3,21.13,0.88,1.48,1.35,2.22,2.12,1.65,13166.0,1438.0,7998.3,8755.38,23.1,9512.44,25.1,10269.5,27.1,378529.2,60%,HARVESTED,2024-2025,2.0
E16,F1E16C12024.22,1.5,26-09-2024,635450,42,19-12-2024,84,12.0,19.14,2.59,1.59,2.75,1.23,2.42,0.94,9679.0,1378.0,10338.1,11418.4,21.1,12498.67,23.1,13578.93,25.1,540132.5,85%,HARVESTED,2024-2025,1.0
E16,F1E16C12025.24,1.4375,22-09-2025,699744,49,30-10-2025,38,5.4,9.84,2.57,1.81,2.68,3.85,0.46,0.37,2211.0,547.0,5921.5,7125.07,11.8,8328.63,13.8,9532.19,15.8,601779.84,86%,ACTIVE,2025-2026,1.0
F1,F1F01C22025.23,3.0,24-03-2025,747968,25,11-06-2025,79,11.3,17.16,2.0,1.52,1.61,2.15,2.01,0.98,8636.0,345.0,8856.2,9888.44,19.2,10920.63,21.2,11952.83,23.2,516097.92,69%,HARVESTED,2024-2025,2.0
F1,F1F01C12024.22,3.0,18-10-2024,380940,13,05-03-2025,138,19.7,25.6,2.01,1.30,0.76,0.91,0.9,2.59,13868.0,913.0,5363.6,5782.67,27.6,6201.71,29.6,6620.74,31.6,209517.0,55%,HARVESTED,2024-2025,1.0
F1,F1F01C12025.24,3.0,04-10-2025,1049687,35,29-10-2025,25,3.6,2.69,1.84,0.75,0.56,0.12,0.29,0.68,1784.0,687.0,2626.0,4578.42,4.7,6530.84,6.7,8483.25,8.7,976208.91,93%,ACTIVE,2025-2026,1.0
F2,F1F02C22025.23,3.0,13-04-2025,710780,24,04-07-2025,82,11.7,20.23,1.12,1.73,1.88,2.38,2.91,1.32,10972.0,1325.0,4313.7,5138.22,22.2,5962.73,24.2,6787.23,26.2,412252.4,30%,HARVESTED,2024-2025,2.0
F2,F1F02C12024.22,3.0,18-10-2024,535130,18,26-03-2025,159,22.7,31.73,0.71,1.40,0.71,1.18,1.66,2.41,22101.0,870.0,9169.0,9746.96,33.7,10324.9,35.7,10902.84,37.7,288970.2,54%,HARVESTED,2024-2025,1.0
F2,F1F02C12025.24,3.0,04-10-2025,1050166,35,29-10-2025,25,3.6,2.6,1.77,0.73,0.54,0.12,0.29,0.73,1784.0,687.0,2457.4,4347.69,4.6,6237.99,6.6,8128.29,8.6,945149.4,90%,ACTIVE,2025-2026,1.0
F3,F1F03C22025.23,3.0,12-04-2025,599750,20,25-06-2025,74,10.6,21.98,2.8,2.08,2.95,3.03,2.73,1.21,7970.0,991.0,6591.3,7191.0,24.0,7790.75,26.0,8390.5,28.0,299875.0,50%,HARVESTED,2024-2025,2.0
F3,F1F03C12024.22,3.0,17-10-2024,535583,18,17-10-2024,385,55.0,0.0,0.0,0.00,0.0,0.0,0.0,0.0,0.0,0.0,0.0,0.0,0.0,0.0,0.0,0.0,0.0,535583.0,0%,HARVESTED,2024-2025,1.0
F3,F1F03C12024.22,3.0,17-10-2024,535583,18,26-03-2025,160,22.9,31.41,0.31,1.37,0.35,1.4,1.79,2.13,21879.0,858.0,10261.8,10915.23,33.4,11568.64,35.4,12222.05,37.4,326705.63,61%,HARVESTED,2024-2025,1.0
F3,F1F03C12025.24,3.0,04-10-2025,1050108,35,29-10-2025,25,3.6,2.7,1.83,0.76,0.58,0.12,0.29,0.68,1784.0,687.0,2636.8,4590.02,4.7,6543.22,6.7,8496.42,8.7,976600.44,93%,ACTIVE,2025-2026,1.0
F4,F1F04C22025.23,3.0,12-04-2025,599500,20,25-06-2025,74,10.6,18.81,1.56,1.78,1.82,2.95,2.85,1.5,9274.0,1328.0,6202.1,6861.58,20.8,7521.03,22.8,8180.48,24.8,329725.0,55%,HARVESTED,2024-2025,2.0
F4,F1F04C12024.22,3.0,17-10-2024,538146,18,26-03-2025,160,22.9,31.08,0.29,1.36,0.69,1.16,2.17,2.32,22108.0,869.0,9533.6,10147.07,33.1,10760.55,35.1,11374.04,37.1,306743.22,57%,HARVESTED,2024-2025,1.0
F4,F1F04C12025.24,3.0,04-10-2025,1048914,35,29-10-2025,25,3.6,2.18,1.28,0.61,0.61,0.12,0.29,0.85,1784.0,687.0,2103.7,4033.7,4.2,5963.7,6.2,7893.71,8.2,965000.88,92%,ACTIVE,2025-2026,1.0
F5,F1F05C22025.23,3.0,12-04-2025,899940,30,18-06-2025,67,9.6,18.13,2.3,1.89,2.78,2.76,1.84,0.75,8885.0,1081.0,11910.6,13224.53,20.1,14538.44,22.1,15852.36,24.1,656956.2,73%,HARVESTED,2024-2025,2.0
F5,F1F05C12024.22,3.0,17-10-2024,531960,18,02-04-2025,167,23.9,33.48,0.42,1.40,0.36,0.64,1.08,2.42,22431.0,725.0,9261.2,9814.45,35.5,10367.69,37.5,10920.93,39.5,276619.2,52%,HARVESTED,2024-2025,1.0
F5,F1F05C12025.24,3.0,04-10-2025,1050560,35,29-10-2025,25,3.6,2.79,1.91,0.78,0.59,0.12,0.29,0.67,1784.0,687.0,2667.3,4579.29,4.8,6491.31,6.8,8403.33,8.8,956009.6,91%,ACTIVE,2025-2026,1.0
F6,F1F06C22025.24,3.0,12-04-2025,900900,30,25-06-2025,74,10.6,19.59,2.97,1.85,1.58,2.61,2.49,2.25,11925.0,1576.0,5294.6,5835.13,21.6,6375.67,23.6,6916.21,25.6,270270.0,30%,HARVESTED,2024-2025,2.0
F6,F1F06C12024.23,3.0,17-10-2024,532000,18,02-04-2025,167,23.9,31.87,0.0,1.34,0.11,0.49,1.0,2.9,22149.0,340.0,7629.7,8108.48,33.9,8587.28,35.9,9066.08,37.9,239400.0,45%,HARVESTED,2024-2025,1.0
F6,F1F06C12025.25,3.0,04-10-2025,1049960,35,29-10-2025,25,3.6,2.98,1.98,0.83,0.71,0.12,0.29,0.61,1784.0,687.0,2909.9,4862.79,5.0,6815.71,7.0,8768.64,9.0,976462.8,93%,ACTIVE,2025-2026,1.0
F7,F1F07C22025.24,3.0,04-04-2025,898596,30,18-06-2025,75,10.7,18.52,2.81,1.73,2.55,2.41,1.54,0.81,10273.0,1136.0,12647.9,14013.79,20.5,15379.65,22.5,16745.52,24.5,682932.96,76%,HARVESTED,2024-2025,2.0
F7,F1F07C12024.23,3.0,17-10-2024,532300,18,19-03-2025,153,21.9,32.86,0.22,1.50,1.13,1.41,1.77,2.25,20838.0,906.0,9270.4,9834.67,34.9,10398.91,36.9,10963.14,38.9,282119.0,53%,HARVESTED,2024-2025,1.0
F7,F1F07C12025.25,3.0,04-10-2025,1050740,35,29-10-2025,25,3.6,3.07,2.16,0.86,0.62,0.12,0.29,0.59,1784.0,687.0,3032.2,5007.62,5.1,6983.01,7.1,8958.4,9.1,987695.6,94%,ACTIVE,2025-2026,1.0
F8,F1F08C22025.24,3.0,04-04-2025,900192,30,04-07-2025,91,13.0,19.35,0.47,1.49,2.03,2.15,2.24,1.8,14393.0,1407.0,10451.2,11279.41,21.4,12107.58,23.4,12935.76,25.4,414088.32,60%,HARVESTED,2024-2025,2.0
F8,F1F08C12024.23,3.0,17-10-2024,53360,2,19-03-2025,153,21.9,33.03,0.37,1.51,1.0,2.04,1.82,21.05,20409.0,906.0,969.4,1028.06,35.0,1086.75,37.0,1145.45,39.0,29348.0,55%,HARVESTED,2024-2025,1.0
F8,F1F08C12025.25,3.0,04-10-2025,1049016,35,29-10-2025,25,3.6,3.04,2.12,0.85,0.63,0.12,0.29,0.61,1784.0,687.0,2933.9,4864.08,5.0,6794.27,7.0,8724.46,9.0,965094.72,92%,ACTIVE,2025-2026,1.0
F9,F1F09C22025.23,3.0,13-04-2025,719860,24,17-07-2025,95,13.6,22.06,2.32,1.63,1.56,0.49,0.95,1.94,12345.0,890.0,6352.0,6927.93,24.1,7503.82,26.1,8079.7,28.1,287944.0,40%,HARVESTED,2024-2025,2.0
F9,F1F09C12024.22,3.0,28-10-2024,600552,20,03-04-2025,157,22.4,33.23,0.84,1.48,0.78,1.55,1.86,2.45,21494.0,734.0,8780.8,9309.28,35.2,9837.76,37.2,10366.25,39.2,264242.88,44%,HARVESTED,2024-2025,1.0
F9,F1F09C12025.24,3.0,04-10-2025,1052449,35,30-10-2025,26,3.7,2.77,1.77,0.75,0.7,0.09,0.29,0.67,1784.0,687.0,2652.9,4568.37,4.8,6483.82,6.8,8399.28,8.8,957728.59,91%,ACTIVE,2025-2026,1.0
F12,F1F12C22025.23,3.0,24-03-2025,747968,25,12-06-2025,80,11.4,20.62,1.39,1.80,2.57,2.79,2.68,0.92,8485.0,210.0,9253.9,10151.42,22.6,11048.98,24.6,11946.54,26.6,448780.8,60%,HARVESTED,2024-2025,2.0
F12,F1F12C12024.22,3.0,28-10-2024,532875,18,06-03-2025,129,18.4,23.46,2.24,1.27,1.15,0.45,0.3,2.5,15310.0,1220.0,6125.6,6647.83,25.5,7170.05,27.5,7692.26,29.5,261108.75,49%,HARVESTED,2024-2025,1.0
F12,F1F12C12025.24,3.0,04-10-2025,1049448,35,30-10-2025,26,3.7,3.2,2.19,0.86,0.71,0.09,0.29,0.57,1784.0,687.0,3123.2,5075.13,5.2,7027.11,7.2,8979.08,9.2,975986.64,93%,ACTIVE,2025-2026,1.0
A1,F1A01C22025.23,1.0,02-03-2025,599032,60,18-06-2025,108,15.4,26.43,1.42,1.71,1.98,2.83,2.35,1.06,11077.0,970.0,10449.4,11240.11,28.4,12030.83,30.4,12821.56,32.4,395361.12,66%,HARVESTED,2024-2025,2.0
A1,F1A01C12024.22,1.0,15-10-2024,451271,45,12-02-2025,120,17.1,22.03,1.87,1.29,1.51,1.25,2.07,1.73,14478.0,1505.0,8350.9,9109.0,24.0,9867.13,26.0,10625.27,28.0,379067.64,84%,HARVESTED,2024-2025,1.0
A1,F1A01C12025.24,1.0,17-10-2025,649163,65,29-10-2025,12,1.7,0.3,0.09,0.18,0.29,0.0,0.0,2.34,433.0,198.0,185.0,1418.42,2.3,0.0,4.3,0.0,6.3,616704.85,95%,ACTIVE,2025-2026,1.0
A2,F1A02C22025.23,1.0,02-03-2025,599056,60,11-06-2025,101,14.4,22.37,1.13,1.55,2.07,2.24,2.01,1.75,9871.0,1243.0,5628.4,6131.58,24.4,6634.78,26.4,7137.99,28.4,251603.52,42%,HARVESTED,2024-2025,2.0
A2,F1A02C12024.22,1.0,15-10-2024,451920,45,08-01-2025,85,12.1,12.16,1.53,1.00,1.26,1.34,1.14,1.49,7462.0,1116.0,5007.5,5831.12,14.2,6654.73,16.2,7478.33,18.2,411802.3,91%,HARVESTED,2024-2025,1.0
A2,F1A02C12025.24,1.0,17-10-2025,649825,65,29-10-2025,12,1.7,0.3,0.09,0.18,0.36,0.0,0.0,2.34,433.0,198.0,185.2,1419.87,2.3,0.0,4.3,0.0,6.3,617333.75,95%,ACTIVE,2025-2026,1.0
A3,F1A03C22025.23,1.0,02-03-2025,599772,60,18-06-2025,108,15.4,20.45,1.52,1.33,1.29,2.08,1.12,1.24,11299.0,1145.0,9076.4,9964.01,22.4,10851.68,24.4,11739.34,26.4,443831.28,74%,HARVESTED,2024-2025,2.0
A3,F1A03C12024.22,1.0,15-10-2024,452561,45,01-01-2025,78,11.1,15.71,3.0,1.41,2.78,1.6,1.7,1.08,6002.0,356.0,5545.6,6251.59,17.7,6957.58,19.7,7663.58,21.7,352997.58,78%,HARVESTED,2024-2025,1.0
A3,F1A03C12025.24,1.0,17-10-2025,648827,65,29-10-2025,12,1.7,0.3,0.09,0.18,0.36,0.0,0.0,2.37,433.0,198.0,183.0,1402.76,2.3,0.0,4.3,0.0,6.3,609897.38,94%,ACTIVE,2025-2026,1.0
A9,F1A09C22025.23,1.0,03-03-2025,597504,60,04-06-2025,93,13.3,19.65,2.0,1.48,2.0,1.58,2.8,1.17,9726.0,472.0,8336.1,9184.54,21.6,10032.99,23.6,10881.45,25.6,424227.84,71%,HARVESTED,2024-2025,2.0
A9,F1A09C12024.22,1.0,14-10-2024,451786,45,04-02-2025,113,16.1,20.75,2.06,1.29,2.08,0.95,3.03,1.97,11974.0,1123.0,6093.5,6680.78,22.8,7268.1,24.8,7855.43,26.8,293660.9,65%,HARVESTED,2024-2025,1.0
A9,F1A09C12025.24,1.0,17-10-2025,649928,65,29-10-2025,12,1.7,0.3,0.09,0.18,0.36,0.0,0.0,2.41,433.0,198.0,179.4,1375.25,2.3,0.0,4.3,0.0,6.3,597933.76,92%,ACTIVE,2025-2026,1.0
A10,F1A10C22025.24,1.0,03-03-2025,599604,60,18-06-2025,107,15.3,24.95,1.33,1.63,2.37,2.52,1.9,2.63,11026.0,1040.0,4188.8,4524.61,26.9,4860.39,28.9,5196.16,30.9,167889.12,28%,HARVESTED,2024-2025,2.0
A10,F1A10C12024.23,1.0,14-10-2024,451360,45,25-12-2024,72,10.3,12.93,1.24,1.26,3.13,1.94,1.58,1.29,5868.0,1004.0,4552.1,5256.27,14.9,5960.39,16.9,6664.51,18.9,352060.8,78%,HARVESTED,2024-2025,1.0
A10,F1A10C12025.25,1.0,17-10-2025,649928,65,29-10-2025,12,1.7,0.3,0.09,0.18,0.36,0.0,0.0,2.44,433.0,198.0,177.4,1360.3,2.3,0.0,4.3,0.0,6.3,591434.48,91%,ACTIVE,2025-2026,1.0
A11,F1A11C22025.23,1.0,03-03-2025,698861,70,12-06-2025,101,14.4,19.07,1.32,1.32,1.32,1.68,2.25,1.14,11044.0,1890.0,9728.9,10749.25,21.1,11769.58,23.1,12789.92,25.1,510168.53,73%,HARVESTED,2024-2025,2.0
A11,F1A11C12024.22,1.0,15-10-2024,452530,45,20-02-2025,128,18.3,23.95,1.05,1.31,1.82,2.56,1.28,1.84,17786.0,1226.0,9645.9,10451.4,25.9,11256.91,27.9,12062.41,29.9,402751.7,89%,HARVESTED,2024-2025,1.0
A11,F1A11C12025.24,1.0,17-10-2025,647439,65,30-10-2025,13,1.9,0.31,0.06,0.17,0.35,0.0,0.0,2.4,433.0,198.0,180.6,1346.03,2.3,0.0,4.3,0.0,6.3,582695.1,90%,ACTIVE,2025-2026,1.0
A12,F1A12C22025.23,1.0,04-03-2025,700282,70,19-06-2025,107,15.3,23.87,1.56,1.56,2.31,1.84,2.01,1.11,12668.0,1486.0,11366.7,12319.08,25.9,13271.47,27.9,14223.85,29.9,476191.76,68%,HARVESTED,2024-2025,2.0
A12,F1A12C12024.22,1.0,15-10-2024,452195,45,20-02-2025,128,18.3,24.33,0.43,1.33,2.14,1.6,1.94,1.66,15684.0,1226.0,9461.6,10239.42,26.3,11017.19,28.3,11794.97,30.3,388887.7,86%,HARVESTED,2024-2025,1.0
A12,F1A12C12025.24,1.0,17-10-2025,646116,65,30-10-2025,13,1.9,0.31,0.06,0.17,0.35,0.0,0.0,2.32,433.0,198.0,186.3,1388.06,2.3,0.0,4.3,0.0,6.3,600887.88,93%,ACTIVE,2025-2026,1.0
A14,F1A14C22025.23,1.0,03-03-2025,699780,70,19-06-2025,108,15.4,22.7,1.17,1.47,1.08,1.49,2.1,1.12,12847.0,1468.0,11437.2,12444.88,24.7,13452.57,26.7,14460.25,28.7,503841.6,72%,HARVESTED,2024-2025,2.0
A14,F1A14C12024.22,1.0,16-10-2024,450840,45,20-02-2025,127,18.1,24.82,1.88,1.37,1.24,1.08,2.69,1.66,15759.0,1262.0,9511.4,10277.8,26.8,11044.23,28.8,11810.65,30.8,383214.0,85%,HARVESTED,2024-2025,1.0
A14,F1A14C12025.24,1.0,17-10-2025,647144,65,30-10-2025,13,1.9,0.31,0.06,0.17,0.35,0.0,0.0,2.35,433.0,198.0,184.6,1375.31,2.3,0.0,4.3,0.0,6.3,595372.48,92%,ACTIVE,2025-2026,1.0
A19,F1A19C22025.23,1.0,03-03-2025,698882,70,19-06-2025,108,15.4,23.0,1.73,1.49,1.74,1.71,2.12,1.09,12842.0,1515.0,11734.2,12754.6,25.0,13774.97,27.0,14795.33,29.0,510183.86,73%,HARVESTED,2024-2025,2.0
A19,F1A19C12024.22,1.0,16-10-2024,452412,45,20-02-2025,127,18.1,23.33,0.29,1.29,2.04,0.92,3.13,3.21,30191.0,1147.0,9393.8,10199.04,25.3,11004.34,27.3,11809.63,29.3,402646.68,89%,HARVESTED,2024-2025,1.0
A19,F1A19C12025.24,1.0,17-10-2025,648712,65,30-10-2025,13,1.9,0.31,0.06,0.17,0.35,0.0,0.0,2.37,433.0,198.0,183.0,1363.66,2.3,0.0,4.3,0.0,6.3,590327.92,91%,ACTIVE,2025-2026,1.0
A20,F1A20C22025.23,1.0,04-03-2025,699569,70,05-06-2025,93,13.3,19.88,2.61,1.50,2.02,2.02,1.94,1.17,11029.0,264.0,9457.0,10408.46,21.9,11359.88,23.9,12311.29,25.9,475706.92,68%,HARVESTED,2024-2025,2.0
A20,F1A20C12024.22,1.0,16-10-2024,453152,45,26-12-2024,71,10.1,11.2,1.76,1.10,1.59,1.42,1.98,1.27,5484.0,924.0,4314.0,5084.37,13.2,5854.73,15.2,6625.09,17.2,385179.2,85%,HARVESTED,2024-2025,1.0
A20,F1A20C12025.25,1.0,17-10-2025,647439,65,30-10-2025,13,1.9,0.31,0.06,0.17,0.35,0.0,0.0,2.3,433.0,198.0,188.7,1405.85,2.3,0.0,4.3,0.0,6.3,608592.66,94%,ACTIVE,2025-2026,1.0
B1,F1B01C22025.23,1.0,23-03-2025,449400,45,11-06-2025,80,11.4,17.5,1.66,1.53,2.38,2.09,2.13,0.92,4576.0,1050.0,4954.6,5520.88,19.5,6087.13,21.5,6653.37,23.5,283122.0,63%,HARVESTED,2024-2025,2.0
B1,F1B01C12024.22,1.0,11-10-2024,452336,45,18-12-2024,68,9.7,11.75,1.94,1.21,2.11,1.06,2.19,1.08,5189.0,987.0,4783.4,5597.65,13.8,6411.86,15.8,7226.06,17.8,407102.4,90%,HARVESTED,2024-2025,1.0
B1,F1B01C12025.24,1.0,28-10-2025,648005,65,29-10-2025,1,0.1,0.042,0.06,0.29,0.0,0.0,0.0,0.93,25.0,56.0,26.9,0.0,2.0,0.0,4.0,0.0,6.0,641524.95,99%,ACTIVE,2025-2026,1.0
B2,F1B02C22025.23,1.0,23-03-2025,449400,45,26-06-2025,95,13.6,22.25,2.34,1.64,3.04,1.82,2.17,1.48,8860.0,1127.0,5999.5,6538.77,24.3,7078.05,26.3,7617.33,28.3,269640.0,60%,HARVESTED,2024-2025,2.0
B2,F1B02C12024.22,1.0,11-10-2024,451702,45,18-12-2024,68,9.7,11.22,1.85,1.16,1.95,1.51,1.46,1.16,5574.0,1050.0,4814.7,5672.92,13.2,6531.16,15.2,7389.39,17.2,429116.9,95%,HARVESTED,2024-2025,1.0
B2,F1B02C12025.24,1.0,28-10-2025,650734,65,29-10-2025,1,0.1,0.042,0.06,0.29,0.0,0.0,0.0,0.92,25.0,56.0,27.1,0.0,2.0,0.0,4.0,0.0,6.0,644226.66,99%,ACTIVE,2025-2026,1.0
B3,F3B03C22025.23,1.0,23-03-2025,449400,45,11-06-2025,80,11.4,16.66,2.71,1.46,1.52,1.78,2.31,0.92,4541.0,1057.0,4941.4,5534.63,18.7,6127.84,20.7,6721.04,22.7,296604.0,66%,HARVESTED,2024-2025,2.0
B3,F1B03C12024.22,1.0,11-10-2024,453624,45,18-12-2024,68,9.7,12.22,1.85,1.26,2.12,1.5,2.13,1.08,5221.0,984.0,4822.7,5611.97,14.2,6401.27,16.2,7190.58,18.2,394652.88,87%,HARVESTED,2024-2025,1.0
B3,F1B03C12025.24,1.0,28-10-2025,650895,65,03-11-2025,6,0.9,0.042,0.06,0.05,0.0,0.0,0.0,0.92,25.0,56.0,27.1,0.0,2.0,0.0,4.0,0.0,6.0,644386.05,99%,ACTIVE,2025-2026,1.0
B11,F1B11C22025.24,1.0,23-03-2025,449400,45,05-06-2025,74,10.6,17.5,2.62,1.66,2.46,2.98,2.66,0.93,4600.0,137.0,4954.6,5520.88,19.5,6087.13,21.5,6653.37,23.5,283122.0,63%,HARVESTED,2024-2025,2.0
B11,F1B11C12024.22,1.0,12-10-2024,452875,45,20-02-2025,131,18.7,25.03,0.38,1.34,1.18,1.44,1.52,1.57,16048.0,1226.0,10201.9,11017.09,27.0,11832.27,29.0,12647.44,31.0,407587.5,90%,HARVESTED,2024-2025,1.0
B11,F1B11C12025.25,1.0,28-10-2025,648292,65,30-10-2025,2,0.3,0.083,0.58,0.29,0.0,0.0,0.0,1.1,56.0,56.0,52.7,0.0,2.1,0.0,4.1,0.0,6.1,635326.16,98%,ACTIVE,2025-2026,1.0
B12,F1B12C22025.23,1.0,23-03-2025,449225,45,19-06-2025,88,12.6,18.33,2.2,1.46,1.98,2.13,2.27,1.35,7654.0,1134.0,5681.7,6301.59,20.3,6921.52,22.3,7541.45,24.3,309965.25,69%,HARVESTED,2024-2025,2.0
B12,F1B12C12024.22,1.0,12-10-2024,452875,45,20-02-2025,131,18.7,28.05,1.05,1.50,0.31,1.44,1.47,1.43,16865.0,1249.0,11813.9,12656.27,30.1,13498.61,32.0,14340.96,34.0,421173.75,93%,HARVESTED,2024-2025,1.0
B12,F1B12C12025.24,1.0,28-10-2025,649284,65,28-10-2025,8,1.1,0.0,0.0,0.00,0.0,0.0,0.0,0.0,0.0,0.0,0.0,0.0,0.0,0.0,0.0,0.0,0.0,649284.0,0%,ACTIVE,2025-2026,1.0
B14,F1B14C22025.23,1.0,23-03-2025,449225,45,04-07-2025,103,14.7,21.12,2.11,1.44,1.71,2.34,1.65,1.65,9871.0,1064.0,5977.2,6543.23,23.1,7109.26,25.1,7675.28,27.1,283011.75,63%,HARVESTED,2024-2025,2.0
B14,F1B14C12024.22,1.0,12-10-2024,452670,45,20-02-2025,131,18.7,25.74,1.16,1.38,1.9,0.92,0.28,1.6,16542.0,1226.0,10370.0,11175.79,27.7,11981.55,29.7,12787.3,31.7,402876.3,89%,HARVESTED,2024-2025,1.0
B14,F1B14C12025.24,1.0,28-10-2025,648729,65,28-10-2025,8,1.1,0.0,0.0,0.00,0.0,0.0,0.0,0.0,0.0,0.0,0.0,0.0,0.0,0.0,0.0,0.0,0.0,648729.0,0%,ACTIVE,2025-2026,1.0
B15,F1B15C22025.23,1.0,23-03-2025,449225,45,26-06-2025,95,13.6,20.09,1.67,1.48,2.29,1.31,2.27,1.61,8865.0,1171.0,5505.2,6053.26,22.1,6601.32,24.1,7149.37,26.1,274027.25,61%,HARVESTED,2024-2025,2.0
B15,F1B15C12024.22,1.0,12-10-2024,452670,45,20-02-2025,131,18.7,24.76,1.26,1.32,0.41,0.88,2.95,1.5,15936.0,1254.0,10647.7,11507.77,26.8,12367.85,28.8,13227.92,30.8,430036.5,95%,HARVESTED,2024-2025,1.0
B15,F1B15C12025.24,1.0,28-10-2025,648725,65,28-10-2025,8,1.1,0.0,0.0,0.00,0.0,0.0,0.0,0.0,0.0,0.0,0.0,0.0,0.0,0.0,0.0,0.0,0.0,648725.0,0%,ACTIVE,2025-2026,1.0
B16,F1B16C22025.24,1.0,23-03-2025,449225,45,26-06-2025,95,13.6,19.17,2.91,1.41,1.53,1.8,2.25,1.71,8860.0,1136.0,5167.0,5706.06,21.2,6245.13,23.2,6784.2,25.2,269535.0,60%,HARVESTED,2024-2025,2.0
B16,F1b16C12024.22,1.0,13-10-2024,454348,45,20-02-2025,130,18.6,24.97,0.93,1.34,1.81,1.29,0.65,1.79,19707.0,1232.0,11004.7,11886.16,27.0,12767.59,29.0,13649.03,31.0,440717.56,97%,HARVESTED,,
B16,F1B17C12025.24,1.0,30-10-2025,648970,65,30-10-2025,7,1.0,0.0,0.0,0.00,0.0,0.0,0.0,0.0,0.0,0.0,0.0,0.0,0.0,0.0,0.0,0.0,0.0,648970.0,0%,ACTIVE,2025-2026,1.0
A15,F1A15C22025.23,1.0,03-05-2025,448675,45,05-06-2025,33,4.7,3.38,1.03,0.72,0.17,0.0,0.0,0.27,378.0,121.0,1410.4,2244.9,5.4,0.0,7.4,0.0,9.4,417267.75,93%,HARVESTED,2024-2025,2.0
A15,F1A15C12024.22,1.0,16-10-2024,452424,45,20-03-2025,155,22.1,27.46,1.13,1.24,0.33,0.08,1.34,1.93,20425.0,1188.0,10560.0,11329.15,29.5,12098.27,31.5,12867.39,33.5,384560.4,85%,HARVESTED,2024-2025,1.0
A15,F1A15C12025.25,1.0,17-10-2025,647144,65,30-10-2025,13,1.9,0.31,0.06,0.17,0.35,0.0,0.0,2.32,433.0,198.0,186.6,1390.26,2.3,0.0,4.3,0.0,6.3,601843.92,93%,ACTIVE,2025-2026,1.0
A16,F1A16C22025.23,1.0,03-05-2025,448675,45,31-07-2025,89,12.7,17.07,1.0,1.34,1.75,1.48,4.94,1.42,7947.0,1142.0,5591.0,6246.05,19.1,6901.11,21.1,7556.18,23.1,327532.75,73%,HARVESTED,2024-2025,2.0
A16,F1A16C12024.22,1.0,16-10-2024,452,0,27-03-2025,162,23.1,29.22,0.13,1.26,0.52,0.63,1.89,1896.2,20536.0,728.0,10.8,11.57,31.2,12.31,33.2,13.05,35.2,370.64,82%,HARVESTED,2024-2025,1.0
A16,F1A16C12025.24,1.0,17-10-2025,647330,65,30-10-2025,13,1.9,0.31,0.06,0.17,0.35,0.0,0.0,2.35,433.0,198.0,184.6,1375.71,2.3,0.0,4.3,0.0,6.3,595543.6,92%,ACTIVE,2025-2026,1.0
B7,F1B07C22025.24,1.0,04-05-2025,449800,45,16-07-2025,73,10.4,17.93,2.17,1.72,2.4,2.12,3.24,1.11,5838.0,962.0,5242.2,5826.93,19.9,6411.67,21.9,6996.41,23.9,292370.0,65%,HARVESTED,2024-2025,2.0
B7,F1B07C12024.23,1.0,11-10-2024,454502,45,02-04-2025,173,24.7,35.1,0.72,1.42,0.47,0.51,1.06,1.73,20640.0,990.0,11964.8,12646.52,37.1,13328.28,39.1,14010.03,41.1,340876.5,75%,HARVESTED,2024-2025,1.0
B7,F1B07C12025.25,1.0,28-10-2025,648768,65,29-10-2025,1,0.1,0.042,0.0,0.29,0.0,0.0,0.0,2.18,56.0,56.0,27.0,0.0,2.0,0.0,4.0,0.0,6.0,642280.32,99%,ACTIVE,2025-2026,1.0
B8,F1B08C22025.24,1.0,04-05-2025,448900,45,30-07-2025,87,12.4,18.58,2.15,1.49,2.11,2.57,1.28,1.33,7791.0,1129.0,5838.4,6466.85,20.6,7095.31,22.6,7723.77,24.6,314230.0,70%,HARVESTED,2024-2025,2.0
B8,F1B08C12024.23,1.0,11-10-2024,450625,45,16-04-2025,187,26.7,34.01,0.23,1.27,0.67,0.74,0.48,2.04,25657.0,1205.0,12567.1,13306.15,36.0,14045.17,38.0,14784.19,40.0,369512.5,82%,HARVESTED,2024-2025,1.0
B8,F1B08C12025.25,1.0,28-10-2025,650444,65,29-10-2025,1,0.1,0.04,0.28,0.28,0.0,0.0,0.0,2.17,56.0,56.0,25.8,0.0,2.0,0.0,4.0,0.0,6.0,643939.56,99%,ACTIVE,2025-2026,1.0
B9,F1B09C22025.23,1.0,03-05-2025,446200,45,23-07-2025,81,11.6,15.35,1.55,1.33,2.07,1.81,1.22,1.34,6710.0,998.0,4999.9,5651.34,17.4,6302.79,19.4,6954.25,21.4,325726.0,73%,HARVESTED,2024-2025,2.0
B9,F1B09C12025.22,1.0,11-10-2024,452610,45,16-04-2025,187,26.7,38.43,0.31,1.44,1.11,0.39,0.7,1.86,24220.0,1080.0,13045.4,13724.26,40.4,14403.18,42.4,15082.1,44.4,339457.5,75%,HARVESTED,2024-2025,1.0
B9,F1B09C12025.24,1.0,28-10-2025,649554,65,29-10-2025,1,0.1,0.04,0.28,0.28,0.0,0.0,0.0,2.18,56.0,56.0,25.7,0.0,2.0,0.0,4.0,0.0,6.0,643058.46,99%,ACTIVE,2025-2026,1.0
B10,F1B10C22025.24,1.0,03-05-2025,446990,45,30-07-2025,88,12.6,17.76,1.01,1.41,2.05,2.2,2.39,1.4,7904.0,1126.0,5636.4,6271.1,19.8,6905.82,21.8,7540.55,23.8,317362.9,71%,HARVESTED,2024-2025,2.0
B10,F1B10C12024.23,1.0,11-10-2024,451962,45,02-04-2025,173,24.7,32.97,1.27,1.33,1.07,0.43,0.27,1.75,22218.0,1000.0,12666.0,13434.35,35.0,14202.68,37.0,14971.02,39.0,384167.7,85%,HARVESTED,2024-2025,1.0
B10,F1B10C12025.25,1.0,20-10-2025,718270,72,29-10-2025,9,1.3,0.27,0.19,0.21,0.58,0.0,0.0,2.1,375.0,273.0,178.4,1500.04,2.3,0.0,4.3,0.0,6.3,660808.4,92%,ACTIVE,2025-2026,1.0
B18,F1B18C22025.23,1.0,04-05-2025,447640,45,31-07-2025,88,12.6,22.55,2.25,1.79,3.32,2.15,2.58,1.21,8046.0,1168.0,6662.2,7253.11,24.6,7844.0,26.6,8434.88,28.6,295442.4,66%,HARVESTED,2024-2025,2.0
B18,F1B18C12024.22,1.0,13-10-2024,454348,45,10-04-2025,179,25.6,30.46,0.11,1.19,0.3,0.17,1.58,1.99,24276.0,1105.0,12178.7,12978.36,32.5,13778.01,34.5,14577.67,36.5,399826.24,88%,HARVESTED,2024-2025,1.0
B18,F1B18C12025.24,1.0,30-10-2025,650636,65,30-10-2025,7,1.0,0.0,0.0,0.00,0.0,0.0,0.0,0.0,0.0,0.0,0.0,0.0,0.0,0.0,0.0,0.0,0.0,650636.0,0%,ACTIVE,2025-2026,1.0
B20,F1B20C22025.23,1.0,04-05-2025,448910,45,31-07-2025,88,12.6,16.79,1.24,1.34,1.55,2.04,2.31,1.42,7941.0,1197.0,5577.5,6241.92,18.8,6906.3,20.8,7570.69,22.8,332193.4,74%,HARVESTED,2024-2025,2.0
B20,F1B20C12024.22,1.0,14-10-2024,451360,45,03-04-2025,171,24.4,30.0,0.62,1.23,0.73,0.36,0.29,2.08,23622.0,1000.0,11374.3,12132.55,32.0,12890.84,34.0,13649.12,36.0,379142.4,84%,HARVESTED,2024-2025,1.0
B20,F1B20C12025.24,1.0,30-10-2025,649550,65,30-10-2025,7,1.0,0.0,0.0,0.00,0.0,0.0,0.0,0.0,0.0,0.0,0.0,0.0,0.0,0.0,0.0,0.0,0.0,649550.0,0%,ACTIVE,2025-2026,1.0
F10,F1F06C22025.24,3.0,02-05-2025,899444,30,24-07-2025,83,11.9,10.32,0.03,0.87,0.57,0.57,0.02,2.25,6267.0,723.0,2784.7,3324.35,12.3,3864.01,14.3,4403.68,16.3,269833.2,30%,HARVESTED,2024-2025,2.0
F10,F1F10C12024.23,3.0,28-10-2024,604161,20,03-04-2025,157,22.4,33.87,0.35,1.51,1.23,7.63,1.71,2.34,22526.0,745.0,9617.6,10185.49,35.9,10753.4,37.9,11321.31,39.9,283955.67,47%,HARVESTED,2024-2025,1.0
F10,F1F10C12025.25,3.0,04-10-2025,1045080,35,30-10-2025,26,3.7,3.18,2.14,0.86,0.74,0.09,0.29,0.57,1784.0,687.0,3123.9,5088.7,5.2,7053.45,7.2,9018.2,9.2,982375.2,94%,ACTIVE,2025-2026,1.0
F11,F1F11C22025.23,3.0,02-05-2025,897700,30,24-07-2025,83,11.9,12.32,0.14,1.04,1.13,2.84,0.58,1.5,9983.0,1400.0,6635.8,7713.04,14.3,8790.28,16.3,9867.52,18.3,538620.0,60%,HARVESTED,2024-2025,2.0
F11,F1F11C12024.22,3.0,28-10-2024,534600,18,17-04-2025,171,24.4,34.82,0.53,1.43,1.68,-0.08,0.91,2.11,21209.0,500.0,10052.0,10629.35,36.8,11206.72,38.8,11784.08,40.8,288684.0,54%,HARVESTED,2024-2025,1.0
F11,F1F11C12025.24,3.0,04-10-2025,1047264,35,30-10-2025,26,3.7,3.04,2.02,0.82,0.72,0.09,0.29,0.61,1784.0,687.0,2929.0,4855.96,5.0,6782.92,7.0,8709.89,9.0,963482.88,92%,ACTIVE,2025-2026,1.0
F13,F1F13C22025.23,3.0,02-05-2025,899602,30,31-07-2025,90,12.9,13.28,2.04,1.03,1.33,1.42,1.88,1.5,11629.0,1629.0,7765.4,8934.84,15.3,10104.33,17.3,11273.81,19.3,584741.3,65%,HARVESTED,2024-2025,2.0
F13,F1F13C12024.22,3.0,28-10-2024,530880,18,17-04-2025,171,24.4,33.02,0.15,1.35,0.43,0.73,0.81,1.99,21935.0,475.0,11043.7,11712.59,35.0,12381.5,37.0,13050.41,39.0,334454.4,63%,HARVESTED,2024-2025,1.0
F13,F1F13C12025.24,3.0,15-10-2025,1048064,35,30-10-2025,15,2.1,0.45,0.19,0.21,0.22,0.29,0.0,1.78,796.0,330.0,448.1,2439.37,2.5,4430.69,4.5,0.0,6.5,995660.8,95%,ACTIVE,2025-2026,1.0
F14,F1F14C22025.23,3.0,02-05-2025,897264,30,24-07-2025,83,11.9,14.04,0.41,1.18,0.26,2.77,0.55,1.43,7579.0,872.0,5291.0,6044.69,16.0,6798.39,18.0,7552.1,20.0,376850.88,42%,HARVESTED,2024-2025,2.0
F14,F1F14C12025.24,3.0,15-10-2025,1048712,35,30-10-2025,15,2.1,0.45,0.19,0.21,0.26,0.0,0.0,1.79,796.0,330.0,443.6,2415.19,2.5,0.0,4.5,0.0,6.5,985789.28,94%,ACTIVE,2025-2026,1.0
F15,F1F15C22025.23,3.0,03-05-2025,899390,30,24-07-2025,82,11.7,14.47,1.42,1.24,2.13,2.91,0.98,1.32,10327.0,1416.0,7808.5,8887.77,16.5,9967.04,18.5,11046.3,20.5,539634.0,60%,HARVESTED,2024-2025,2.0
F15,F1F15C12024.22,3.0,29-10-2024,531840,18,10-04-2025,163,23.3,32.41,0.45,1.39,0.49,0.59,0.63,2.08,21505.0,675.0,10342.2,10980.37,34.4,11618.58,36.4,12256.78,38.4,319104.0,60%,HARVESTED,2024-2025,1.0
F15,F1F15C12025.24,3.0,15-10-2025,1048975,35,30-10-2025,15,2.1,0.45,0.19,0.21,0.26,0.0,0.0,1.76,796.0,330.0,453.2,2467.19,2.5,0.0,4.5,0.0,6.5,1007016.0,96%,ACTIVE,2025-2026,1.0
F16,F1F16C22025.23,3.0,03-05-2025,898110,30,24-07-2025,82,11.7,12.54,1.16,1.07,2.03,2.95,0.29,1.38,10878.0,1728.0,7883.6,9140.96,14.5,10398.32,16.5,11655.67,18.5,628677.0,70%,HARVESTED,2024-2025,2.0
F16,F1F16C12024.22,3.0,29-10-2024,531840,18,10-04-2025,163,23.3,32.1,0.6,1.38,0.52,0.72,0.74,2.17,21468.0,675.0,9901.8,10518.73,34.1,11135.67,36.1,11752.6,38.1,308467.2,58%,HARVESTED,2024-2025,1.0
F16,F1F13C12025.24,3.0,15-10-2025,1049996,35,30-10-2025,15,2.1,0.45,0.19,0.21,0.26,0.0,0.0,1.77,796.0,330.0,448.9,2443.86,2.5,0.0,4.5,0.0,6.5,997496.2,95%,ACTIVE,2025-2026,1.0
A8,F1A08C22025.24,1.0,13-05-2025,449420,45,30-07-2025,78,11.1,15.06,2.21,1.35,1.38,1.76,1.76,1.34,6617.0,1058.0,4940.8,5596.98,17.1,6253.14,19.1,6909.29,21.1,328076.6,73%,HARVESTED,2024-2025,2.0
A8,F1A08C12024.23,1.0,14-10-2024,451332,45,16-04-2025,184,26.3,36.3,1.11,1.38,0.38,0.73,0.37,1.83,23666.0,945.0,12942.9,13655.95,38.3,14369.06,40.3,15082.16,42.3,356552.28,79%,HARVESTED,2024-2025,1.0
A8,F1A08C12025.25,1.0,17-10-2025,648720,65,29-10-2025,12,1.7,0.3,0.09,0.18,0.36,0.0,0.0,2.39,433.0,198.0,181.0,1387.61,2.3,0.0,4.3,0.0,6.3,603309.6,93%,ACTIVE,2025-2026,1.0
A18,F1A18C22025.23,1.0,13-05-2025,449100,45,24-07-2025,72,10.3,15.46,2.13,1.50,2.36,2.17,1.84,1.09,5665.0,1005.0,5207.3,5880.96,17.5,6554.61,19.5,7228.26,21.5,336825.0,75%,HARVESTED,2024-2025,2.0
A18,F1A18C12024.22,1.0,16-10-2024,452412,45,24-04-2025,190,27.1,28.86,0.17,1.06,0.15,0.22,1.0,2.34,24792.0,0.0,10575.9,11308.76,30.9,12041.66,32.9,12774.57,34.9,366453.72,81%,HARVESTED,2024-2025,1.0
A18,F1A18C12025.24,1.0,17-10-2025,648712,65,30-10-2025,13,1.9,0.31,0.06,0.17,0.35,0.0,0.0,2.37,433.0,198.0,183.0,1363.66,2.3,0.0,4.3,0.0,6.3,590327.92,91%,ACTIVE,2025-2026,1.0
B6,F1B06C22025.24,1.0,13-05-2025,449904,45,30-07-2025,78,11.1,19.76,2.23,1.77,1.95,2.76,2.05,1.13,7050.0,1133.0,6223.1,6852.94,21.8,7482.8,23.8,8112.67,25.8,314932.8,70%,HARVESTED,2024-2025,2.0
B6,F1B06C12024.23,1.0,11-10-2024,450180,45,23-04-2025,194,27.7,33.87,0.2,1.22,0.39,0.38,0.52,2.03,23861.0,0.0,11740.6,12433.93,35.9,13127.2,37.9,13820.48,39.9,346638.6,77%,HARVESTED,2024-2025,1.0
B6,F1B06C12025.25,1.0,28-10-2025,648972,65,29-10-2025,1,0.1,0.042,0.0,0.29,0.0,0.0,0.0,2.18,56.0,56.0,27.0,0.0,2.0,0.0,4.0,0.0,6.0,642482.28,99%,ACTIVE,2025-2026,1.0
B13,F1B13C22025.23,1.0,13-05-2025,448625,45,24-07-2025,72,10.3,13.85,1.63,1.35,1.22,1.8,2.67,1.22,5603.0,964.0,4598.0,5261.93,15.8,5925.89,17.9,6589.85,19.9,331982.5,74%,HARVESTED,2024-2025,2.0
B13,F1B13C12024.22,1.0,12-10-2024,453132,45,24-04-2025,194,27.7,35.9,0.25,1.30,0.69,0.88,0.83,2.01,24526.0,0.0,12200.6,12880.28,37.9,13559.98,39.9,14239.67,41.9,339849.0,75%,HARVESTED,2024-2025,1.0
B13,F1B13C12025.24,1.0,28-10-2025,649224,65,28-10-2025,8,1.1,0.0,0.0,0.00,0.0,0.0,0.0,0.0,0.0,0.0,0.0,0.0,0.0,0.0,0.0,0.0,0.0,649224.0,0%,ACTIVE,2025-2026,1.0
B17,F1B17C22025.23,1.0,13-05-2025,448880,45,24-07-2025,72,10.3,14.91,1.83,1.45,2.02,2.0,1.1,1.18,5743.0,971.0,4885.7,5541.1,16.9,6196.47,18.9,6851.83,20.9,327682.4,73%,HARVESTED,2024-2025,2.0
B17,F1B17C12024.22,1.0,13-10-2024,454348,45,10-04-2025,179,25.6,30.05,0.28,1.18,1.15,0.28,0.46,1.85,24060.0,1085.0,12970.5,13833.76,32.0,14697.02,34.0,15560.28,36.0,431630.6,95%,HARVESTED,2024-2025,1.0
B17,F1B17C12025.24,1.0,30-10-2025,649775,65,30-10-2025,7,1.0,0.0,0.0,0.00,0.0,0.0,0.0,0.0,0.0,0.0,0.0,0.0,0.0,0.0,0.0,0.0,0.0,649775.0,0%,ACTIVE,2025-2026,1.0
B19,F1B19C22025.23,1.0,13-05-2025,449280,45,31-07-2025,79,11.3,18.43,2.12,1.63,2.22,2.06,2.47,1.22,7044.0,1169.0,5796.2,6425.15,20.4,7054.14,22.4,7683.14,24.4,314496.0,70%,HARVESTED,2024-2025,2.0
B19,F1B19C12024.22,1.0,14-10-2024,451360,45,01-05-2025,199,28.4,31.58,0.24,1.11,0.16,0.32,0.68,2.44,24299.0,0.0,9977.8,10609.66,33.6,11241.57,35.6,11873.47,37.6,315952.0,70%,HARVESTED,2024-2025,1.0
B19,F1B19C12025.24,1.0,30-10-2025,648539,65,30-10-2025,7,1.0,0.0,0.0,0.00,0.0,0.0,0.0,0.0,0.0,0.0,0.0,0.0,0.0,0.0,0.0,0.0,0.0,648539.0,0%,ACTIVE,2025-2026,1.0
X1,F1X01C22025.23,0.4,20-05-2025,179500,45,30-07-2025,71,10.1,19.23,3.01,1.90,2.45,2.91,2.76,1.28,2614.0,423.0,2036.5,2248.36,21.2,2460.17,23.2,2671.98,25.2,105905.0,59%,HARVESTED,2024-2025,2.0
X1,F1X01C12024.22,0.4,22-11-2024,61080,15,12-03-2025,110,15.7,21.22,2.09,1.35,1.53,3.65,1.86,1.49,1603.0,154.0,1075.8,1177.17,23.2,1278.57,25.2,1379.96,27.2,50696.4,83%,HARVESTED,2024-2025,1.0
X2,F1X02C22025.23,0.4,20-05-2025,179500,45,30-07-2025,71,10.1,16.94,1.36,1.67,2.1,2.68,2.72,1.28,2446.0,339.0,1915.7,2141.83,18.9,2368.0,20.9,2594.17,22.9,113085.0,63%,HARVESTED,2024-2025,2.0
X2,F1X02C12024.22,0.4,22-11-2024,122160,31,05-03-2025,103,14.7,17.33,0.79,1.18,2.6,2.15,1.74,1.7,2441.0,339.0,1439.6,1605.72,19.3,1771.86,21.3,1937.99,23.3,83068.8,68%,HARVESTED,2024-2025,1.0
X3,F1X03C22025.23,0.4,20-05-2025,177140,44,30-07-2025,71,10.1,20.0,2.32,1.97,3.6,2.85,2.37,1.14,2592.0,407.0,2267.4,2494.13,22.0,2720.87,24.0,2947.61,26.0,113369.6,64%,HARVESTED,2024-2025,2.0
X3,F1X03C12024.22,0.4,22-11-2024,244320,61,05-03-2025,103,14.7,16.96,1.33,1.15,1.83,2.3,1.98,1.44,4785.0,667.0,3314.9,3705.84,19.0,4096.75,21.0,4487.67,23.0,195456.0,80%,HARVESTED,2024-2025,1.0
X4,F1X04C22025.23,0.4,20-05-2025,177140,44,30-07-2025,71,10.1,20.33,2.11,2.00,3.57,2.7,3.62,1.16,2342.0,314.0,2016.7,2215.1,22.3,2413.49,24.3,2611.89,26.3,99198.4,56%,HARVESTED,2024-2025,2.0
X4,F1X04C12024.22,0.4,22-11-2024,61080,15,23-04-2025,152,21.7,33.62,2.05,1.55,2.22,1.63,1.06,1.81,2832.0,0.0,1560.7,1653.51,35.6,1746.35,37.6,1839.19,39.6,46420.8,76%,HARVESTED,2024-2025,1.0
X4,F1X04C12025.24,0.5,30-10-2025,1952880,391,30-10-2025,7,1.0,0.0,0.0,0.00,0.0,0.0,0.0,0.0,0.0,0.0,0.0,0.0,0.0,0.0,0.0,0.0,0.0,1952880.0,0%,ACTIVE,2025-2026,1.0
X5,F1X05C22025.23,0.4,20-05-2025,179920,45,30-07-2025,71,10.1,16.9,2.48,1.67,1.69,2.11,2.01,1.32,2802.0,557.0,2128.4,2380.34,18.9,2632.23,20.9,2884.11,22.9,125944.0,70%,HARVESTED,2024-2025,2.0
X5,F1X05C12024.22,0.4,22-11-2024,122750,31,12-03-2025,110,15.7,19.38,2.39,1.23,1.68,1.58,2.46,1.57,2652.6,261.0,1689.0,1863.33,21.4,2037.63,23.4,2211.93,25.4,87152.5,71%,HARVESTED,2024-2025,1.0
X6,F1X06C22025.24,0.4,20-05-2025,179920,45,30-07-2025,71,10.1,18.4,3.12,1.81,2.38,1.94,2.13,1.21,2757.0,499.0,2284.3,2532.55,20.4,2780.84,22.4,3029.13,24.4,124144.8,69%,HARVESTED,2024-2025,2.0
X6,F1X06C12024.23,0.4,22-11-2024,240590,60,23-04-2025,152,21.7,25.76,1.45,1.19,1.15,1.23,1.24,1.7,8645.0,0.0,5082.0,5476.6,27.8,5871.17,29.8,6265.73,31.8,197283.8,82%,HARVESTED,2024-2025,1.0
X7,F1X07C22025.24,0.4,19-05-2025,178150,45,31-07-2025,73,10.4,18.27,2.87,1.75,1.9,2.11,2.51,1.3,2747.0,502.0,2115.6,2347.21,20.3,2578.81,22.3,2810.4,24.3,115797.5,65%,HARVESTED,2024-2025,2.0
X7,F1X07C12024.23,0.4,22-11-2024,63830,16,23-04-2025,152,21.7,33.59,2.8,1.55,1.36,1.49,1.09,1.81,2909.0,0.0,1608.0,1703.78,35.6,1799.53,37.6,1895.28,39.6,47872.5,75%,HARVESTED,2024-2025,1.0
X8,F1X08C22025.24,0.3,19-05-2025,134918,45,31-07-2025,73,10.4,19.65,2.68,1.88,2.87,2.56,2.61,1.26,2100.0,351.0,1670.2,1840.22,21.6,2010.21,23.6,2180.21,25.6,84998.34,63%,HARVESTED,2024-2025,2.0
X8,F1X08C12024.23,0.4,22-11-2024,83470,21,24-04-2025,153,21.9,33.33,2.44,1.52,1.04,1.69,1.14,1.94,3930.6,0.0,2030.9,2152.77,35.3,2274.63,37.3,2396.5,39.3,60933.1,73%,HARVESTED,2024-2025,1.0
X9,F1X09C22025.23,0.4,19-05-2025,178361,45,31-07-2025,73,10.4,19.71,2.8,1.89,2.88,2.13,3.22,1.24,2659.0,432.0,2144.4,2362.05,21.7,2579.65,23.7,2797.25,25.7,108800.21,61%,HARVESTED,2024-2025,2.0
X9,F1X09C12024.22,0.4,22-11-2024,244552,61,24-04-2025,153,21.9,24.77,1.89,1.13,1.07,0.88,1.34,1.93,8190.6,0.0,4240.3,4582.66,26.8,4925.04,28.8,5267.41,30.8,171186.4,70%,HARVESTED,2024-2025,1.0
X10,F1X10C22025.24,0.4,19-05-2025,178361,45,31-07-2025,73,10.4,18.74,1.91,1.80,3.04,1.98,2.78,1.27,2724.0,462.0,2139.2,2367.49,20.7,2595.79,22.7,2824.1,24.7,114151.04,64%,HARVESTED,2024-2025,2.0
X10,F1X10C12024.23,0.4,23-11-2024,63323,16,17-04-2025,145,20.7,30.44,1.97,1.47,1.31,1.12,1.26,2.15,2988.0,375.0,1387.8,1479.03,32.4,1570.21,34.4,1661.4,36.4,45592.56,72%,HARVESTED,2024-2025,1.0
X11,F1X11C22025.23,0.4,19-05-2025,180416,45,31-07-2025,73,10.4,16.75,3.02,1.61,1.45,2.18,1.71,1.33,2763.0,522.0,2085.2,2334.13,18.8,2583.11,20.8,2832.08,22.8,124487.04,69%,HARVESTED,2024-2025,2.0
X11,F1X11C12024.22,0.4,23-11-2024,121775,30,20-03-2025,117,16.7,22.9,3.07,1.37,1.4,1.12,2.68,2.03,3566.0,264.0,1756.8,1910.29,24.9,2063.72,26.9,2217.16,28.9,76718.25,63%,HARVESTED,2024-2025,1.0
X11,F1X11C12025.24,0.5,30-10-2025,1963741,393,30-10-2025,7,1.0,0.0,0.0,0.00,0.0,0.0,0.0,0.0,0.0,0.0,0.0,0.0,0.0,0.0,0.0,0.0,0.0,1963741.0,0%,ACTIVE,2025-2026,1.0
X12,F1X12C22025.23,0.4,19-05-2025,180416,45,31-07-2025,73,10.4,18.27,3.32,1.75,1.84,2.65,1.9,1.24,2728.0,485.0,2208.4,2450.21,20.3,2691.96,22.3,2933.72,24.3,120878.72,67%,HARVESTED,2024-2025,2.0
X12,F1X12C12024.22,0.4,23-11-2024,243550,61,24-04-2025,152,21.7,25.04,0.65,1.15,1.25,0.92,1.09,1.96,8242.0,99.0,4208.0,4544.06,27.0,4880.16,29.0,5216.26,31.0,168049.5,69%,HARVESTED,2024-2025,1.0
X13,F1X13C22025.23,0.4,19-05-2025,178332,45,07-08-2025,80,11.4,21.56,2.42,1.89,2.79,3.16,1.14,1.25,3179.0,473.0,2537.6,2772.99,23.6,3008.39,25.6,3243.78,27.6,117699.12,66%,HARVESTED,2024-2025,2.0
X13,F1X13C12024.22,0.4,23-11-2024,63323,16,13-03-2025,110,15.7,21.05,1.87,1.34,0.61,2.9,1.57,1.66,1704.0,176.0,1026.4,1123.89,23.1,1221.4,25.1,1318.92,27.1,48758.71,77%,HARVESTED,2024-2025,1.0
X14,F1X14C22025.23,0.4,19-05-2025,178332,45,07-08-2025,80,11.4,20.56,2.36,1.80,2.85,2.1,2.56,1.28,3006.0,369.0,2346.6,2574.82,22.6,2803.09,24.6,3031.35,26.6,114132.48,64%,HARVESTED,2024-2025,2.0
X14,F1X01C12024.22,0.4,23-11-2024,121775,30,13-03-2025,110,15.7,21.13,1.82,1.34,1.56,1.97,2.91,1.48,2674.0,265.0,1801.2,1971.66,23.1,2142.14,25.1,2312.63,27.1,85242.5,70%,HARVESTED,2024-2025,1.0
A4,F1A04C22025.23,1.0,18-05-2025,447560,45,30-07-2025,73,10.4,18.25,2.2,1.75,2.07,2.53,1.63,1.16,6458.0,1107.0,5554.2,6162.9,20.3,6771.58,22.3,7380.26,24.3,304340.8,68%,HARVESTED,2024-2025,2.0
A4,F1A04C12024.22,1.0,15-10-2024,453816,45,30-04-2025,197,28.1,34.85,0.27,1.24,0.47,0.82,0.75,2.93,25500.0,0.0,8698.5,9197.72,36.9,9696.92,38.9,10196.11,40.9,249598.8,55%,HARVESTED,2024-2025,1.0
A4,F1A04C12025.24,1.0,17-10-2025,648354,65,29-10-2025,12,1.7,0.3,0.09,0.18,0.36,0.0,0.0,2.42,433.0,198.0,178.9,1371.92,2.3,0.0,4.3,0.0,6.3,596485.68,92%,ACTIVE,2025-2026,1.0
A5,F1A05C22025.23,1.0,18-05-2025,449422,45,30-07-2025,73,10.4,15.8,1.62,1.52,1.71,2.41,2.05,1.21,6202.0,1058.0,5112.6,5759.79,17.8,6406.96,19.8,7054.12,21.8,323583.84,72%,HARVESTED,2024-2025,2.0
A5,F1A05C12024.22,1.0,15-10-2024,453816,45,23-04-2025,190,27.1,32.54,0.3,1.20,0.42,0.29,0.91,2.14,23672.0,1165.0,11075.4,11756.1,34.5,12436.83,36.5,13117.55,38.5,340362.0,75%,HARVESTED,2024-2025,1.0
A5,F1A05C12025.24,1.0,17-10-2025,648354,65,29-10-2025,12,1.7,0.3,0.09,0.18,0.36,0.0,0.0,2.39,433.0,198.0,180.9,1386.83,2.3,0.0,4.3,0.0,6.3,602969.22,93%,ACTIVE,2025-2026,1.0
A6,F1A06C22025.24,1.0,18-05-2025,449613,45,30-07-2025,73,10.4,14.93,1.05,1.43,2.04,1.84,2.36,1.27,6204.0,1079.0,4900.3,5556.72,16.9,6213.16,18.9,6869.59,20.9,328217.49,73%,HARVESTED,2024-2025,2.0
A6,F1A06C12024.23,1.0,15-10-2024,453816,45,30-04-2025,197,28.1,31.14,0.23,1.11,0.32,0.22,0.37,2.23,24630.0,0.0,11022.8,11730.78,33.1,12438.74,35.1,13146.69,37.1,353976.48,78%,HARVESTED,2024-2025,1.0
A6,F1A06C12025.25,1.0,17-10-2025,648921,65,29-10-2025,12,1.7,0.3,0.09,0.18,0.36,0.0,0.0,2.39,433.0,198.0,181.1,1388.04,2.3,0.0,4.3,0.0,6.3,603496.53,93%,ACTIVE,2025-2026,1.0
A7,F1A07C22025.24,1.0,19-05-2025,447610,45,30-07-2025,72,10.3,16.63,2.06,1.62,2.07,2.14,2.49,1.15,6086.0,1058.0,5285.1,5920.68,18.6,6556.28,20.6,7191.89,22.6,317803.1,71%,HARVESTED,2024-2025,2.0
A7,F1A07C12024.23,1.0,15-10-2024,453816,45,06-11-2024,22,3.1,1.3,0.6,0.41,0.4,0.01,0.0,1.08,593.0,236.0,548.7,1392.76,3.3,2236.86,5.3,0.0,7.3,422048.88,93%,HARVESTED,2024-2025,1.0
A7,F1A07C12025.25,1.0,17-10-2025,648720,65,29-10-2025,12,1.7,0.3,0.09,0.18,0.36,0.0,0.0,2.39,433.0,198.0,181.0,1387.61,2.3,0.0,4.3,0.0,6.3,603309.6,93%,ACTIVE,2025-2026,1.0
A13,F1A13C22025.23,1.0,18-05-2025,449000,45,31-07-2025,74,10.6,15.95,1.08,1.51,2.05,2.1,2.52,1.23,6263.0,1072.0,5084.7,5722.28,17.9,6359.86,19.9,6997.44,21.9,318790.0,71%,HARVESTED,2024-2025,2.0
A13,F1A13C12024.22,1.0,15-10-2024,453600,45,24-04-2025,191,27.3,30.46,0.16,1.12,0.19,0.42,0.37,2.17,25171.0,0.0,11606.0,12368.04,32.5,13130.09,34.5,13892.13,36.5,381024.0,84%,HARVESTED,2024-2025,1.0
A13,F1A13C12025.24,1.0,17-10-2025,646116,65,30-10-2025,13,1.9,0.31,0.06,0.17,0.35,0.0,0.0,2.3,433.0,198.0,188.3,1402.98,2.3,0.0,4.3,0.0,6.3,607349.04,94%,ACTIVE,2025-2026,1.0
A17,F1A17C22025.23,1.0,18-05-2025,447795,45,24-07-2025,67,9.6,15.52,2.1,1.62,2.21,2.12,1.92,1.06,5233.0,957.0,4934.3,5570.21,17.5,6206.08,19.5,6841.95,21.5,317934.45,71%,HARVESTED,2024-2025,2.0
A17,F1A17C12024.22,1.0,16-10-2024,452986,45,08-05-2025,204,29.1,30.9,0.24,1.06,0.21,0.16,0.19,4.9,24686.0,0.0,5039.0,5365.17,32.9,5691.32,34.9,6017.47,36.9,163074.96,36%,HARVESTED,2024-2025,1.0
A17,F1A17C12025.24,1.0,17-10-2025,647330,65,30-10-2025,13,1.9,0.31,0.06,0.17,0.35,0.0,0.0,2.3,433.0,198.0,188.6,1405.61,2.3,0.0,4.3,0.0,6.3,608490.2,94%,ACTIVE,2025-2026,1.0
B4,F1B04C22025.23,1.0,18-05-2025,450866,45,30-07-2025,73,10.4,18.62,2.44,1.79,2.24,2.83,1.99,1.1,6394.0,1096.0,5792.6,6414.84,20.6,7037.03,22.6,7659.23,24.6,311097.54,69%,HARVESTED,2024-2025,2.0
B4,F1B04C12024.22,1.0,11-10-2024,453114,45,23-04-2025,194,27.7,30.27,0.17,1.09,0.16,0.28,1.25,2.37,27675.0,0.0,11658.4,12428.69,32.3,13198.99,34.3,13969.28,36.3,385146.9,85%,HARVESTED,2024-2025,1.0
B4,F1B04C12025.24,1.0,28-10-2025,649740,65,29-10-2025,1,0.1,0.042,0.0,0.29,0.0,0.0,0.0,2.18,56.0,56.0,27.0,0.0,2.0,0.0,4.0,0.0,6.0,643242.6,99%,ACTIVE,2025-2026,1.0
B5,F1B05C22025.23,1.0,18-05-2025,449590,45,06-08-2025,80,11.4,14.57,1.21,1.27,1.03,1.07,1.84,1.68,7491.0,1168.0,4454.4,5065.8,16.6,5677.24,18.6,6288.69,20.6,305721.2,68%,HARVESTED,2024-2025,2.0
B5,F1B05C12024.22,1.0,11-10-2024,451236,45,23-04-2025,194,27.7,32.46,0.26,1.17,0.24,0.34,1.05,2.04,25454.0,0.0,12450.0,13217.15,34.5,13984.25,36.5,14751.35,38.5,383550.6,85%,HARVESTED,2024-2025,1.0
B5,F1B05C12025.24,1.0,28-10-2025,649236,65,29-10-2025,1,0.1,0.042,0.0,0.29,0.0,0.0,0.0,2.18,56.0,56.0,27.0,0.0,2.0,0.0,4.0,0.0,6.0,642743.64,99%,ACTIVE,2025-2026,1.0
D15,F1D15C32025.24,1.5,25-05-2025,808410,54,17-07-2025,53,7.6,11.35,2.2,1.50,1.6,2.74,0.88,0.99,5536.0,1148.0,5597.0,6583.29,13.3,7569.55,15.3,8555.81,17.4,493130.1,61%,HARVESTED,2024-2025,3.0
D15,F1D15C12024.22,1.5,28-09-2024,632480,42,09-01-2025,103,14.7,22.06,1.7,1.50,2.25,0.35,2.21,1.34,13306.0,1330.0,9906.3,10804.4,24.1,11702.52,26.1,12600.64,28.1,449060.8,71%,HARVESTED,2024-2025,1.0
D15,F1D15C12025.25,1.4375,03-10-2025,785172,55,30-10-2025,27,3.9,4.25,0.71,1.10,3.23,0.1,0.29,0.47,1398.0,542.0,2969.9,4367.52,6.3,5765.12,8.3,7162.73,10.3,698803.08,89%,ACTIVE,2025-2026,1.0
D15,F1D15C22025.23,1.5,18-02-2025,629946,42,15-05-2025,86,12.3,19.75,2.12,1.61,2.0,2.35,2.23,1.39,10356.0,1348.0,7464.9,8220.8,21.8,8976.73,23.8,9732.67,25.8,377967.6,60%,HARVESTED,2024-2025,2.0
I5,F2I05C12024.22,6.0,24-11-2024,1082886,18,14-05-2025,171,24.4,27.74,0.35,1.14,0.57,1.4,0.03,2.14,41052.0,0.0,19225.1,20611.21,29.7,21997.31,31.7,23383.4,33.7,693047.04,64%,HARVESTED,2024-2025,1.0
I5,F2I05C12025.23,6.0,07-09-2025,1196670,20,29-10-2025,52,7.4,8.09,0.3,1.09,1.45,1.14,1.99,0.81,6370.0,1347.0,7841.7,9780.27,10.1,11718.87,12.1,13657.48,14.1,969302.7,81%,ACTIVE,2025-2026,1.0
I7,F2I07C12024.22,6.0,24-11-2024,1084288,18,07-05-2025,164,23.4,27.61,0.83,1.18,0.2,1.37,1.08,2.22,40550.0,0.0,18261.7,19584.52,29.6,20907.35,31.6,22230.18,33.6,661415.68,61%,HARVESTED,2024-2025,1.0
I7,F2I07C12025.23,6.0,07-09-2025,1198748,20,30-10-2025,53,7.6,9.95,0.03,1.31,3.44,1.39,1.98,0.7,7137.0,1499.0,10138.4,12176.28,11.9,14214.15,13.9,16252.02,15.9,1018935.8,85%,ACTIVE,2025-2026,1.0
I1,F2I01C12024.22,6.0,25-11-2024,1081920,18,12-03-2025,107,15.3,20.85,2.7,1.36,0.25,2.14,1.7,1.5,27681.0,2904.0,18497.6,20271.94,22.9,22046.29,24.9,23820.64,26.9,887174.4,82%,HARVESTED,2024-2025,1.0
I1,F2I01C12025.23,6.0,07-09-2025,1200397,20,29-10-2025,52,7.4,11.96,0.67,1.61,4.15,1.29,2.46,0.62,7266.0,1671.0,11772.5,13741.18,14.0,15709.83,16.0,17678.48,18.0,984325.54,82%,ACTIVE,2025-2026,1.0
I2,F2I02C12024.22,6.0,28-11-2024,1083798,18,14-05-2025,167,23.9,28.39,0.36,1.19,0.95,0.19,0.28,3.85,40300.0,0.0,10461.5,11198.45,30.4,11935.44,32.4,12672.42,34.4,368491.32,34%,HARVESTED,2024-2025,1.0
I2,F2I02C12025.23,6.0,07-09-2025,1196356,20,29-10-2025,52,7.4,12.03,1.29,1.62,2.83,2.41,2.38,0.57,6863.0,1379.0,12089.4,14099.3,14.0,16109.18,16.0,18119.05,18.0,1004939.04,84%,ACTIVE,2025-2026,1.0
I3,F2I03C12024.22,6.0,25-11-2024,1083312,18,30-04-2025,156,22.3,27.61,1.17,1.24,0.3,0.31,0.48,2.46,41126.0,0.0,16749.7,17963.05,29.6,19176.36,31.6,20389.67,33.6,606654.72,56%,HARVESTED,2024-2025,1.0
I3,F2I03C12025.23,6.0,07-09-2025,1197540,20,29-10-2025,52,7.4,11.52,0.3,1.55,3.93,1.66,1.92,0.56,6240.0,1141.0,11174.5,13114.5,13.5,15054.52,15.5,16994.53,17.5,970007.4,81%,ACTIVE,2025-2026,1.0
I4,F2I04C12024.22,6.0,25-11-2024,1089383,18,02-04-2025,128,18.3,23.71,1.24,1.30,2.24,2.21,0.89,1.71,37109.0,2758.0,21696.6,23526.75,25.7,25356.92,27.7,27187.08,29.7,915081.72,84%,HARVESTED,2024-2025,1.0
I4,F2I04C12025.23,6.0,07-09-2025,1197458,20,29-10-2025,52,7.4,12.0,1.26,1.62,2.3,1.75,2.79,0.52,6080.0,1042.0,11639.3,13579.17,14.0,15519.05,16.0,17458.94,18.0,969940.98,81%,ACTIVE,2025-2026,1.0
I6,F2I06C12024.22,6.0,25-11-2024,1084688,18,16-04-2025,142,20.3,24.07,0.27,1.19,0.74,1.33,1.97,3.44,37687.0,1259.0,10965.5,11876.68,26.1,12787.82,28.1,13698.95,30.1,455568.96,42%,HARVESTED,2024-2025,1.0
I6,F2I06C12025.23,6.0,07-09-2025,1201501,20,29-10-2025,52,7.4,12.18,0.35,1.64,4.2,2.67,1.34,0.61,7462.0,1602.0,12292.8,14311.32,14.2,16329.84,16.2,18348.37,18.2,1009260.84,84%,ACTIVE,2025-2026,1.0
I9,F2I09C12024.22,6.0,28-11-2024,1089139,18,13-03-2025,105,15.0,21.1,1.66,1.41,1.64,1.78,2.52,1.38,28475.0,3260.0,20682.8,22643.2,23.1,24603.65,25.1,26564.1,27.1,980225.1,90%,HARVESTED,2024-2025,1.0
I9,F2I09C12025.23,6.0,07-09-2025,1200420,20,30-10-2025,53,7.6,12.95,0.12,1.71,3.67,2.16,3.04,0.46,5947.0,1143.0,12902.7,14895.41,14.9,16888.1,16.9,18880.8,18.9,996348.6,83%,ACTIVE,2025-2026,1.0
I10,F2I10C12024.23,6.0,29-11-2024,983792,16,08-05-2025,160,22.9,28.98,1.26,1.27,2.06,1.68,1.07,4.48,38321.0,0.0,8553.1,9143.37,31.0,9733.64,33.0,10323.92,35.0,295137.6,30%,HARVESTED,2024-2025,1.0
I10,F2I10C12025.24,6.0,08-09-2025,1200666,20,30-10-2025,52,7.4,11.41,0.3,1.54,3.27,0.13,3.75,0.67,7486.0,1652.0,11233.7,13202.76,13.4,15171.85,15.4,17140.95,17.4,984546.12,82%,ACTIVE,2025-2026,1.0
I11,F2I11C12024.22,6.0,29-11-2024,1085837,18,03-04-2025,125,17.9,23.54,0.83,1.32,2.03,1.24,0.98,1.54,35371.0,2745.0,23004.5,24959.05,25.5,26913.55,27.5,28868.06,29.5,977253.3,90%,HARVESTED,2024-2025,1.0
I11,F2I11C12025.23,6.0,08-09-2025,1198208,20,30-10-2025,52,7.4,12.18,0.24,1.64,3.81,2.21,1.98,0.63,7486.0,1872.0,11967.2,13932.28,14.2,15897.34,16.2,17862.4,18.2,982530.56,82%,ACTIVE,2025-2026,1.0
I8,F2I08C12024.23,6.0,29-11-2024,983432,16,13-03-2025,104,14.9,21.13,0.52,1.42,1.59,1.7,2.45,2.01,25009.0,2826.0,12468.0,13648.07,23.1,14828.19,25.1,16008.31,27.1,590059.2,60%,HARVESTED,2024-2025,1.0
I8,F2I08C12025.24,6.0,07-09-2025,1199183,20,30-10-2025,53,7.6,12.8,0.4,1.69,3.95,1.53,2.92,0.59,7382.0,1579.0,12893.6,14836.3,14.8,16778.97,16.8,18721.65,18.8,971338.23,84%,ACTIVE,2025-2026,1.0
I12,F2I12C12024.22,6.0,29-11-2024,1085512,18,15-05-2025,167,23.9,31.81,1.56,1.33,1.29,2.7,1.7,3.14,37909.0,725.0,12085.5,12845.41,33.8,13605.27,35.8,14365.13,37.8,379929.2,35%,HARVESTED,2024-2025,1.0
I12,F2I12C12025.23,6.0,08-09-2025,1197718,20,30-10-2025,52,7.4,11.55,0.3,1.55,5.02,0.61,2.08,0.56,6289.0,1146.0,11205.3,13145.55,13.6,15085.86,15.6,17026.16,17.6,970151.58,81%,ACTIVE,2025-2026,1.0
I13,F2I13C12024.22,6.0,12-12-2024,1082448,18,01-05-2025,140,20.0,30.76,1.13,1.54,2.3,1.48,2.0,2.52,37817.0,1298.0,14983.3,15957.45,32.8,16931.66,34.8,17905.86,36.8,487101.6,45%,HARVESTED,2024-2025,1.0
I13,F2I13C12025.23,6.0,08-09-2025,1200385,20,30-10-2025,52,7.4,11.08,0.08,1.49,3.71,1.2,2.69,0.6,6915.0,1389.0,11438.2,13502.89,13.1,15567.55,15.1,17632.22,17.1,1032331.1,86%,ACTIVE,2025-2026,1.0
I14,F2I14C12024.22,6.0,12-12-2024,1083870,18,08-05-2025,147,21.0,29.13,1.26,1.39,1.32,2.55,1.24,1.98,40690.0,1429.0,20522.5,21931.57,31.1,23340.6,33.1,24749.63,35.1,704515.5,65%,HARVESTED,2024-2025,1.0
I14,F2I14C12025.23,6.0,08-09-2025,1197587,20,30-10-2025,52,7.4,10.86,0.3,1.46,4.69,0.75,1.6,0.67,7511.0,1711.0,11185.0,13244.83,12.9,15304.68,14.9,17364.53,16.9,1029924.82,86%,ACTIVE,2025-2026,1.0
H1,F2H01C12024.22,6.0,24-11-2024,1084643,18,05-03-2025,101,14.4,22.29,1.96,1.54,1.53,1.89,2.61,1.47,24494.0,3147.0,16681.9,18178.73,24.3,19675.53,26.3,21172.34,28.3,748403.67,69%,HARVESTED,2024-2025,1.0
H1,F2H01C12025.23,6.0,06-09-2025,1199350,20,29-10-2025,53,7.6,14.24,1.5,1.88,3.39,2.44,2.16,0.49,6479.0,1094.0,13321.4,15192.41,16.2,17063.39,18.2,18934.38,20.2,935493.0,78%,ACTIVE,2025-2026,1.0
H2,F2H02C12024.22,6.0,26-11-2024,1085746,18,16-04-2025,141,20.1,28.13,0.43,1.40,2.5,0.17,2.94,4.44,33931.0,784.0,7635.5,8178.38,30.1,8721.26,32.1,9264.13,34.1,271436.5,25%,HARVESTED,2024-2025,1.0
H2,F2H02C12025.23,6.0,06-09-2025,1199788,20,29-10-2025,53,7.6,10.49,1.31,1.39,2.11,1.38,1.55,0.64,6545.0,1287.0,10194.5,12138.14,12.5,14081.79,14.5,16025.45,16.5,971828.28,81%,ACTIVE,2025-2026,1.0
H3,F2H03C12024.22,6.0,24-11-2024,1084285,18,12-03-2025,108,15.4,21.76,1.22,1.41,1.93,1.42,3.11,1.42,28880.0,3216.0,20290.9,22155.85,23.8,24020.82,25.8,25885.79,27.8,932485.1,86%,HARVESTED,2024-2025,1.0
H3,F2H03C12025.23,6.0,06-09-2025,1199002,20,29-10-2025,53,7.6,11.53,1.34,1.52,1.96,1.48,2.18,0.71,7798.0,1878.0,10921.4,12815.77,13.5,14710.2,15.5,16604.62,17.5,947211.58,79%,ACTIVE,2025-2026,1.0
H4,F2H04C12024.22,6.0,23-11-2024,1083002,18,05-03-2025,102,14.6,21.92,2.05,1.50,2.57,1.55,1.95,1.43,26088.0,3564.0,18279.3,19947.16,23.9,21614.99,25.9,23282.81,27.9,833911.54,77%,HARVESTED,2024-2025,1.0
H4,F2H04C12025.23,6.0,06-09-2025,1198055,20,29-10-2025,53,7.6,11.73,1.35,1.55,2.83,1.84,1.66,0.59,6429.0,1129.0,10821.0,12665.95,13.7,14510.96,15.7,16355.96,17.7,922502.35,77%,ACTIVE,2025-2026,1.0
H5,F2H05C12024.22,6.0,26-11-2024,1082988,18,12-03-2025,106,15.1,20.44,1.76,1.35,1.63,1.75,1.87,1.78,25946.0,2590.0,14609.9,16039.48,22.4,17469.03,24.4,18898.57,26.4,714772.08,66%,HARVESTED,2024-2025,1.0
H5,F2H05C12025.23,6.0,06-09-2025,1200666,20,29-10-2025,53,7.6,10.76,1.33,1.42,2.1,1.13,1.9,0.68,6961.0,1148.0,10206.1,12103.19,12.8,14000.24,14.8,15897.3,16.8,948526.14,79%,ACTIVE,2025-2026,1.0
H6,F2H06C12024.22,6.0,23-11-2024,1084440,18,05-03-2025,102,14.6,21.84,1.55,1.50,2.29,2.13,1.57,1.45,26817.0,3554.0,18473.7,20165.38,23.8,21857.1,25.8,23548.83,27.8,845863.2,78%,HARVESTED,2024-2025,1.0
H6,F2H06C12025.23,6.0,06-09-2025,1198890,20,29-10-2025,53,7.6,10.47,1.25,1.38,1.61,1.33,2.02,0.76,7596.0,1573.0,10041.9,11960.12,12.5,13878.35,14.5,15796.57,16.5,959112.0,80%,ACTIVE,2025-2026,1.0
H7,F2H07C12024.22,6.0,26-11-2024,1083264,18,17-07-2025,233,33.3,18.53,0.07,0.56,1.74,0.36,1.27,2.15,38045.0,3417.0,17664.1,19570.68,20.5,21477.23,22.5,23383.77,24.5,953272.32,88%,HARVESTED,2024-2025,1.0
H7,F2H07C12025.23,6.0,06-09-2025,1198420,20,30-10-2025,54,7.7,11.67,1.47,1.51,2.08,1.2,1.42,0.61,6978.0,1188.0,11468.2,13433.57,13.7,15398.98,15.7,17364.39,17.7,982704.4,82%,ACTIVE,2025-2026,1.0
H8,F2H08C12024.22,6.0,26-11-2024,1083750,18,15-05-2025,170,24.3,25.89,0.27,1.07,0.27,0.72,1.9,2.22,40465.0,0.0,18237.9,19646.76,27.9,21055.64,29.9,22464.51,31.9,704437.5,65%,HARVESTED,2024-2025,1.0
H8,F2H08C12025.23,6.0,06-09-2025,1198575,20,30-10-2025,54,7.7,11.64,1.33,1.51,1.79,1.86,1.66,0.62,7005.0,1372.0,11300.6,13242.33,13.6,15184.02,15.6,17125.71,17.6,970845.75,81%,ACTIVE,2025-2026,1.0
H9,F2H09C12024.22,6.0,27-11-2024,1084947,18,17-04-2025,141,20.1,20.8,0.08,1.03,1.79,0.14,0.31,2.61,39490.0,2004.0,15119.8,16573.65,22.8,18027.48,24.8,19481.31,26.8,726914.49,67%,HARVESTED,2024-2025,1.0
H9,F2H09C12025.23,6.0,06-09-2025,1197869,20,30-10-2025,54,7.7,12.57,2.09,1.63,2.43,1.63,1.57,0.56,7047.0,1296.0,12648.1,14660.48,14.6,16672.9,16.6,18685.32,18.6,1006209.96,84%,ACTIVE,2025-2026,1.0
H10,F2H10C12024.22,6.0,27-11-2024,1082411,18,03-04-2025,127,18.1,21.87,1.2,1.21,2.14,2.32,1.34,1.99,36298.0,3140.0,18227.7,19894.6,23.9,21561.52,25.9,23228.43,27.9,833456.47,77%,HARVESTED,2024-2025,1.0
H10,F2H10C12025.23,6.0,06-09-2025,1200420,20,30-10-2025,54,7.7,11.96,1.38,1.55,1.67,2.04,1.73,0.57,6410.0,1029.0,11198.5,13071.14,14.0,14943.79,16.0,16816.45,18.0,936327.6,78%,ACTIVE,2025-2026,1.0
H11,F2H11C12024.22,6.0,27-11-2024,1084020,18,01-05-2025,155,22.1,28.8,1.33,1.30,1.34,1.0,0.38,2.09,41205.0,0.0,19668.5,21034.33,30.8,22400.19,32.8,23766.06,34.8,682932.6,63%,HARVESTED,2024-2025,1.0
H11,F2H11C12025.23,6.0,06-09-2025,1197654,20,30-10-2025,54,7.7,13.04,2.01,1.69,2.64,1.64,1.41,0.52,6718.0,1169.0,12806.3,14770.42,15.0,16734.58,17.0,18698.73,19.0,982076.28,82%,ACTIVE,2025-2026,1.0
H12,F2H12C12024.22,6.0,27-11-2024,1084743,18,15-05-2025,169,24.1,27.02,0.35,1.12,0.31,0.79,1.86,2.43,40545.0,0.0,16706.6,17943.17,29.0,19179.77,31.0,20416.38,33.0,618303.51,57%,HARVESTED,2024-2025,1.0
H12,F2H12C12025.23,6.0,06-09-2025,1199150,20,30-10-2025,54,7.7,13.84,1.7,1.79,3.1,1.52,2.0,0.5,6692.0,1164.0,13277.0,15195.63,15.8,17114.27,17.8,19032.91,19.8,959320.0,80%,ACTIVE,2025-2026,1.0
J1,F2J01C12024.22,6.0,15-12-2024,1085474,18,19-03-2025,94,13.4,21.28,1.07,1.58,0.0,3.6,2.42,1.33,21502.0,2799.0,16169.2,17688.88,23.3,19208.55,25.3,20728.21,27.3,759831.8,70%,HARVESTED,2024-2025,1.0
J1,F2J01C12025.23,6.0,19-09-2025,1198824,20,29-10-2025,40,5.7,11.15,4.3,1.95,1.66,2.81,1.72,0.39,4338.0,1288.0,11094.5,13084.57,13.2,15074.62,15.2,17064.66,17.1,995023.92,83%,ACTIVE,2025-2026,1.0
J2,F2J02C12024.22,6.0,14-12-2024,1082570,18,14-05-2025,151,21.6,28.11,0.24,1.30,1.39,2.13,0.0,1.6,32044.0,0.0,20084.5,21513.48,30.1,22942.47,32.1,24371.47,34.1,714496.2,66%,HARVESTED,2024-2025,1.0
J2,F2J02C12025.23,6.0,19-09-2025,1199017,20,29-10-2025,40,5.7,10.0,2.31,1.75,2.56,2.63,1.88,0.43,4426.0,1376.0,10191.6,12229.97,12.0,14268.3,14.0,16306.63,16.0,1019164.45,85%,ACTIVE,2025-2026,1.0
J3,F2J03C12024.22,6.0,14-12-2024,1082880,18,14-05-2025,151,21.6,22.73,-5.0,1.05,0.85,1.28,1.04,14.82,32829.0,0.0,2215.3,2410.17,24.7,2605.09,26.7,2800.01,28.7,97459.2,9%,HARVESTED,2024-2025,1.0
J3,F2J03C12025.23,6.0,19-09-2025,1196580,20,29-10-2025,40,5.7,10.72,4.67,1.88,1.05,2.64,1.75,0.41,4484.0,1434.0,11031.5,13089.63,12.7,15147.75,14.7,17205.86,16.7,1029058.8,86%,ACTIVE,2025-2026,1.0
J4,F2J04C12024.22,6.0,13-12-2024,1081200,18,14-05-2025,152,21.7,29.2,0.3,1.34,1.14,2.04,0.87,2.3,32686.0,0.0,14207.0,15180.05,31.2,16153.13,33.2,17126.21,35.2,486540.0,45%,HARVESTED,2024-2025,1.0
J4,F2J04C12025.23,6.0,19-09-2025,1197840,20,29-10-2025,40,5.7,7.61,1.47,1.33,0.7,3.06,1.83,0.57,4558.0,1508.0,8021.7,10129.89,9.6,12238.09,11.6,14346.29,13.6,1054099.2,88%,ACTIVE,2025-2026,1.0
J5,F2J05C12024.22,6.0,13-12-2024,1086800,18,07-05-2025,145,20.7,27.39,1.6,1.32,1.09,0.88,1.11,5.92,33491.0,0.0,5655.8,6068.8,29.4,6481.79,31.4,6894.77,33.4,206492.0,19%,HARVESTED,2024-2025,1.0
J5,F2J05C12025.23,6.0,08-09-2025,1275530,21,29-10-2025,51,7.3,11.7,2.1,1.61,1.34,2.93,2.21,0.63,7652.0,1617.0,12237.4,14329.3,13.7,16421.17,15.7,18513.04,17.7,1045934.6,82%,ACTIVE,2025-2026,1.0
J6,F2J06C12024.22,6.0,13-12-2024,1081000,18,16-04-2025,124,17.7,21.67,1.41,1.22,1.05,1.31,1.1,3.25,31987.0,2300.0,9838.6,10746.65,23.7,11654.69,25.7,12562.73,27.7,454020.0,42%,HARVESTED,2024-2025,1.0
J6,F2J06C12025.24,6.0,08-09-2025,1274813,21,29-10-2025,51,7.3,10.52,0.74,1.44,2.4,1.91,2.36,0.67,7558.0,1640.0,11265.3,13406.96,12.5,15548.64,14.5,17690.33,16.5,1070842.92,84%,ACTIVE,2025-2026,1.0
J7,F2J07C12024.23,6.0,13-12-2024,1083534,18,19-03-2025,96,13.7,20.47,1.97,1.49,1.82,1.98,2.05,1.29,23445.0,2879.0,18187.5,19964.55,22.5,21741.54,24.5,23518.54,26.5,888497.88,82%,HARVESTED,2024-2025,1.0
J7,F2J07C12025.24,6.0,08-09-2025,1200622,20,29-10-2025,51,7.3,10.61,1.5,1.46,2.08,1.61,2.43,0.71,7537.0,1841.0,10573.0,12566.07,12.6,14559.11,14.6,16552.14,16.6,996516.26,83%,ACTIVE,2025-2026,1.0
J8,F2J08C12024.23,6.0,15-12-2024,1087566,18,08-05-2025,144,20.6,31.86,1.25,1.55,2.21,1.57,1.53,2.22,31574.0,0.0,14206.4,15098.24,33.9,15990.05,35.9,16881.85,37.9,445902.06,41%,HARVESTED,2024-2025,1.0
J8,F2J08C12025.24,6.0,19-09-2025,1197373,20,30-10-2025,41,5.9,11.99,3.42,2.05,3.24,2.96,1.77,0.41,4597.0,1547.0,11341.6,13233.49,14.0,15125.34,16.0,17017.19,18.0,945924.67,79%,ACTIVE,2025-2026,1.0
J9,F2J09C12024.22,6.0,17-12-2024,1751740,29,08-05-2025,142,20.3,23.88,0.79,1.18,0.58,3.13,0.59,2.76,45018.0,0.0,16314.3,17680.66,25.9,19047.01,27.9,20413.37,29.9,683178.6,39%,HARVESTED,2024-2025,1.0
J9,F2J09C12025.23,6.0,19-09-2025,1196260,20,30-10-2025,41,5.9,10.86,2.06,1.85,2.55,3.72,1.94,0.4,4468.0,1418.0,11302.5,13383.99,12.9,15465.48,14.9,17546.98,16.9,1040746.2,87%,ACTIVE,2025-2026,1.0
J10,F2J10C12024.22,6.0,17-12-2024,1759640,29,24-04-2025,128,18.3,20.34,1.47,1.11,0.39,1.9,1.08,1.95,44571.0,3581.0,22906.3,25158.63,22.3,27410.97,24.3,29663.31,26.3,1126169.6,64%,HARVESTED,2024-2025,1.0
J10,F2J10C12025.24,6.0,19-09-2025,1199097,20,30-10-2025,41,5.9,9.33,2.17,1.59,2.65,2.23,1.64,0.45,4324.0,1274.0,9621.3,11683.76,11.3,13746.2,13.3,15808.65,15.3,1031223.42,86%,ACTIVE,2025-2026,1.0
J11,F2J11C12024.22,6.0,17-12-2024,1674968,28,01-05-2025,135,19.3,21.38,0.6,1.11,1.16,1.15,1.04,2.91,42735.0,0.0,14682.4,16055.9,23.4,17429.38,25.4,18802.85,27.4,686736.88,41%,HARVESTED,2024-2025,1.0
J11,F2J11C12025.23,6.0,19-09-2025,1200712,20,30-10-2025,41,5.9,12.22,4.35,2.09,2.75,2.88,1.67,0.35,4413.0,1363.0,12618.5,14683.74,14.2,16748.97,16.2,18814.19,18.2,1032612.32,86%,ACTIVE,2025-2026,1.0
J12,F2J12C12024.22,6.0,17-12-2024,1675146,28,01-05-2025,135,19.3,20.7,0.9,1.07,1.06,0.45,1.85,4.16,41812.0,0.0,10055.9,11027.48,22.7,11999.07,24.7,12970.65,26.7,485792.34,29%,HARVESTED,2024-2025,1.0
J12,F2J12C12025.23,6.0,19-09-2025,1198728,20,30-10-2025,41,5.9,12.0,3.65,2.05,2.52,3.66,1.51,0.37,4420.0,1370.0,11795.5,13761.39,14.0,15727.31,16.0,17693.22,18.0,982956.96,82%,ACTIVE,2025-2026,1.0
J13,F2J13C12024.22,5.7,16-12-2024,1806550,32,01-05-2025,136,19.4,22.45,2.65,1.16,1.11,1.16,0.92,2.88,44409.0,0.0,15411.7,16784.66,24.4,18157.64,26.4,19530.61,28.4,686489.0,38%,HARVESTED,2024-2025,1.0
J13,F2J13C12025.23,6.0,19-09-2025,1200813,20,30-10-2025,41,5.9,11.62,2.12,1.98,3.96,2.6,2.33,0.38,4492.0,1442.0,11860.4,13901.81,13.6,15943.19,15.6,17984.58,17.6,1020691.05,85%,ACTIVE,2025-2026,1.0
J14,F2J14C12024.22,5.7,16-12-2024,1800900,32,24-04-2025,129,18.4,19.75,0.7,1.07,1.35,1.59,1.06,3.46,45585.0,0.0,13160.1,14492.75,21.8,15825.41,23.8,17158.08,25.8,666333.0,37%,HARVESTED,2024-2025,1.0
J14,F2J14C12025.23,6.0,19-09-2025,1199226,20,30-10-2025,41,5.9,8.68,0.35,1.48,1.73,4.5,1.56,0.53,4671.0,1621.0,8847.9,10886.57,10.7,12925.26,12.7,14963.94,14.7,1019342.1,85%,ACTIVE,2025-2026,1.0
